RPM,Coolant Temperature (Â°C),Vehicle Speed (km/h),Intake Air Mass (g/s),Failure Type
2248,71.78136671275037,42,7.678893300364607,Normal
2143,73.15428700127586,106,2.9186298119216865,Normal
2733,86.4815933187623,58,4.750997510806866,Normal
3041,88.92740149844639,117,8.537899080094494,Normal
1510,87.52309065756862,51,3.8639283666702893,Normal
2529,72.03597107718477,97,8.452578142153158,Normal
2906,88.66538535582976,48,7.471836674726108,Normal
1663,85.41290043461336,104,8.350056482214063,Normal
1709,89.21462728937584,87,5.232504916485339,Normal
2247,82.97748933206036,66,5.794291019303206,Normal
3445,78.63457297569953,60,4.6604498557204845,Normal
1023,70.51733180883323,70,8.739726622938022,Normal
2629,70.76987437723065,89,4.35074425545675,Normal
2434,77.26697087190911,48,5.779294755971227,Normal
1996,88.32660215825071,62,6.821826245649159,Normal
2094,76.48497375021797,98,7.166680798135204,Normal
3386,76.5491886147791,96,8.066776680624066,Normal
1839,71.17729719014574,60,8.870376143819591,Normal
853,84.3681403683373,27,2.683405103346955,Normal
2071,78.14204417818097,114,3.7558325616284582,Normal
2687,70.1610406757819,118,2.954319633685754,Normal
2347,85.54332486255,31,5.434876623082489,Normal
1059,87.25113369722186,34,4.307511210644709,Normal
3037,76.7042384570427,109,3.331580432452747,Normal
1004,88.6747024709973,56,6.68351908657336,Normal
828,84.97807902120647,63,7.72050164785989,Normal
3413,80.11565556919021,110,8.118067433025699,Normal
1726,75.7804164641392,75,3.020356956916797,Normal
2770,81.33292108238433,73,8.355314036294233,Normal
1006,81.22390417741218,87,8.601380442441945,Normal
3027,76.71491429374237,88,6.8840730537168655,Normal
3406,84.57040954567736,56,6.174775979229485,Normal
3145,79.59260297657126,86,7.001358743831927,Normal
2824,76.5124721910281,21,2.865361757125613,Normal
2113,82.41564196597794,114,8.73965450137982,Normal
2498,82.75497197221176,65,4.164621811119003,Normal
1732,73.96344411917116,86,2.859635328569319,Normal
1639,76.41367673686263,105,2.506124182664997,Normal
2531,85.09334771661966,103,8.015183093069986,Normal
3456,73.15301562540424,104,6.561171090751733,Normal
3163,89.42119890894213,65,7.550287877171217,Normal
2310,74.11841483529524,33,7.350925789448857,Normal
1816,71.29101144442181,78,6.910847769425842,Normal
2938,73.24388536451862,64,7.678882775020108,Normal
1942,83.23598245930926,46,4.770141416933387,Normal
1296,74.7099264407517,99,8.376070975333189,Normal
2695,81.2817813885136,69,5.42926381076177,Normal
1700,78.44649770168397,56,6.801086174992685,Normal
1736,77.42922270483078,79,7.833413846082782,Normal
2614,77.53939796140097,57,7.334944332129776,Normal
3343,87.3552331259908,22,4.886316188812679,Normal
2003,87.18123379083164,86,3.5047798414502256,Normal
1430,84.48875695853732,98,7.289751282701725,Normal
3160,79.57360771939194,56,8.45568545178893,Normal
930,84.81704866395107,91,7.437391837578333,Normal
3052,86.75393186274152,31,8.582211782860327,Normal
3406,77.64970126789247,32,8.062650912055414,Normal
2048,81.69084044770389,104,4.080155559279447,Normal
1498,86.95382068136237,74,5.892058098440234,Normal
1423,82.98911496740337,114,8.63642509212725,Normal
2684,87.68895848163241,81,4.277498500937368,Normal
1396,72.47728285012155,40,5.943196762044227,Normal
2707,78.21916160385891,100,6.677134833271332,Normal
2470,72.5313632718216,94,4.561027637964493,Normal
2821,82.32389071536632,26,6.375369188135561,Normal
838,87.45695148153195,115,7.0072294693568224,Normal
1891,70.98800925064188,49,4.809775381739608,Normal
2328,86.87887039683042,37,3.1926521980957467,Normal
809,84.51825133939268,65,3.5367500399324374,Normal
975,76.68733607581215,105,5.919065569096034,Normal
1154,84.35126163374208,44,3.4863530899051662,Normal
1633,71.47491496803157,44,6.260085195708225,Normal
1790,81.85958023416694,28,4.8904520018107345,Normal
1542,84.97188037206762,29,8.494011126271701,Normal
1023,86.86236273374446,72,6.657132123208231,Normal
1810,73.81990375999294,115,3.5382079563339683,Normal
2914,74.76486520403161,42,5.554044659162002,Normal
1049,70.87610895919434,69,7.98191725576339,Normal
1951,79.70521735030965,61,8.570731704688267,Normal
1587,76.80214434046346,39,5.559537928056437,Normal
2093,84.18212348618124,39,2.8034475024041936,Normal
2849,71.73091235115554,84,2.694224429268647,Normal
1998,72.3363953039703,59,5.278387889843333,Normal
1049,70.45920631127774,113,8.06325638410487,Normal
2030,86.11668602341729,89,8.731480368000092,Normal
1883,81.55324458490115,65,7.917663534388785,Normal
1829,72.36481823066245,27,8.586427021175322,Normal
1921,89.61934852280329,54,7.472866390222253,Normal
1065,89.14887057773167,78,8.28137834450192,Normal
2606,83.95461609739348,89,4.770508442172174,Normal
1261,74.4027710884385,65,6.574795357285158,Normal
2485,84.86583545593726,28,8.413590715053488,Normal
1797,71.31659418177523,59,6.093044314864259,Normal
1801,80.94230731836173,83,2.640281600201285,Normal
1635,79.38476103051772,63,3.6861499664252304,Normal
1127,73.10488569050769,109,3.569726757065334,Normal
1099,84.83185935302537,40,2.9540837338045454,Normal
824,79.68796267843992,118,8.996437677182747,Normal
1192,74.60076704852364,60,7.381488022988393,Normal
946,70.88804811695157,45,2.7116790902880403,Normal
1975,80.35245269206926,104,8.83615475666264,Normal
883,78.05877784424331,25,8.436925715261935,Normal
2498,85.0418263823754,49,8.398289879863476,Normal
3325,89.94253188713466,100,2.598893943878277,Normal
2749,86.47025705953011,23,7.663038473227424,Normal
1203,71.39016298706987,52,6.110547299343399,Normal
3416,77.65167526470282,68,5.702423648405819,Normal
2803,74.44744962916202,38,8.010530931006098,Normal
2269,76.94518945756691,105,6.33912861735463,Normal
3174,79.67035331515198,54,6.012524509041766,Normal
1933,86.43493342860864,37,5.219779834887527,Normal
2742,70.3233741464959,61,4.9497769567887815,Normal
2808,81.06131839974059,112,7.167443174414838,Normal
2464,83.25920560930574,22,5.61956462199832,Normal
2580,75.52947066100562,75,3.198962369400258,Normal
1943,74.0201675631449,89,6.159530547724561,Normal
2023,76.5279521672111,61,7.195706344568471,Normal
2549,76.01007170174884,116,4.627127225970052,Normal
1737,85.79278039903969,107,4.317847530691994,Normal
3372,84.15544794734573,114,5.958692114809549,Normal
2420,75.38670164413816,41,5.582989423942498,Normal
2556,75.62211578988514,30,4.322483833886906,Normal
977,82.66152574223162,65,2.6960992601181597,Normal
2605,85.41739794101203,115,4.747763391761278,Normal
1393,75.13116784398272,27,5.344476660099923,Normal
2177,76.56188618747197,70,8.811389309984191,Normal
1461,84.33451668302466,107,7.468186034355471,Normal
1659,85.86734346066739,86,3.1078372925404927,Normal
1154,83.74358551416346,44,7.696574501134294,Normal
1444,76.23831536811201,113,2.5983952338713476,Normal
2134,73.6563512221978,40,5.462742538745552,Normal
964,84.69275849678225,22,6.794266638741847,Normal
2778,89.1971702731681,28,8.839431538671903,Normal
2199,78.19757040307903,50,8.357980007272488,Normal
3480,86.23222946975599,42,5.440997550435968,Normal
1441,79.63153532618747,28,5.073102497493415,Normal
1788,89.21231591594943,39,2.8539609840501527,Normal
1668,80.87104711441339,66,2.9856185178712917,Normal
2250,79.8458898270742,116,5.606736274307348,Normal
1050,73.3042654362954,85,3.282172674477668,Normal
1735,73.94880909845716,28,8.430472064812596,Normal
2839,77.88625938377483,29,7.926718886865395,Normal
959,73.81678740995892,21,5.9987646914084864,Normal
2894,74.42171870273783,48,5.600027348542598,Normal
2394,81.832860985466,58,7.217569395811427,Normal
2357,88.66108081397672,92,8.726084840786557,Normal
2356,72.24884039319582,58,8.356010198771505,Normal
2199,80.79764853913787,85,2.7851890147842404,Normal
912,75.55735210319585,84,8.023914893618663,Normal
2418,72.72506765250142,36,5.890378623723435,Normal
3027,74.28705268140003,48,5.493315697974012,Normal
2990,71.19075126330137,59,7.825406056425772,Normal
1471,75.32177692170649,107,6.8832209627317855,Normal
1212,83.90243985860411,58,4.4547399813047575,Normal
1641,83.79766182001075,24,3.159661841076491,Normal
1170,89.59182971355476,75,3.616249592663374,Normal
2511,78.50320157162804,81,7.916039330018278,Normal
1744,71.92956772837228,119,6.656313829126343,Normal
1330,84.01093273929219,82,7.57854274484672,Normal
3384,89.82887207538352,63,4.399860471671167,Normal
2459,79.90799962700669,117,7.9769867474099785,Normal
3203,79.62228643907888,112,8.491270746705975,Normal
3331,89.73547182190948,97,5.2303669172552425,Normal
1566,75.17821885994783,59,8.486156619068309,Normal
916,84.00315685026506,27,8.418175070748738,Normal
3277,75.56006208414533,118,7.934821094570143,Normal
2267,79.52752568933028,61,6.455592998118571,Normal
2282,80.88704570046976,81,3.948091436185921,Normal
1227,78.40414782967234,40,6.982303958057872,Normal
1097,82.2388922352969,20,5.238174056043729,Normal
2102,82.30596599095168,88,4.470847448432043,Normal
1251,75.40168653236039,39,8.237210518202398,Normal
2205,85.99980776405927,33,6.691707039463011,Normal
1480,76.66481029920517,95,7.573458636986874,Normal
978,81.9563531039834,34,3.1861598726902916,Normal
2805,79.03318200083248,43,2.6519056317869723,Normal
2538,77.5107568721115,76,8.82436713039658,Normal
1503,72.28038598523723,44,4.658855619635771,Normal
1864,84.44610945329623,70,4.9388664159281355,Normal
2545,75.92289627906248,55,8.877795286240143,Normal
3159,75.15460875622222,88,5.126297834946101,Normal
2022,70.10067478106492,112,2.5701832638714928,Normal
3362,75.24611218222408,91,3.5605565960628764,Normal
2448,74.83562344637467,33,8.089104053798826,Normal
3466,74.18750223330706,81,3.9163858998126613,Normal
2299,77.64666546598455,44,2.9830980566924565,Normal
1766,77.88652490447112,80,5.337366192831679,Normal
3264,75.4196976109353,39,8.827713035196394,Normal
1127,71.16537400252346,104,8.774503591613326,Normal
2498,81.72183476561558,104,3.3387916962875623,Normal
3119,85.8461585120888,85,3.2879586285359803,Normal
3416,89.46620989615279,35,4.60964981425032,Normal
2893,74.36112224672733,24,4.124313322419939,Normal
1561,73.40014877543646,99,5.4920964070373675,Normal
3326,85.98022005237294,118,3.6229643561212113,Normal
2519,84.29190445717568,118,8.661754462054564,Normal
2958,73.96345903408746,68,3.042129459336725,Normal
2460,72.07952223571368,38,8.910144040150882,Normal
1402,84.15043510202983,68,5.553294653328557,Normal
852,71.72019458553012,52,7.25958009866091,Normal
2063,86.8745728578087,90,2.659181274492162,Normal
3238,70.2799138043198,104,5.453849788997741,Normal
1514,80.80326738143765,38,8.768041154570042,Normal
1306,76.62105910042929,34,5.319153121259848,Normal
2211,76.86294220298049,65,6.880843759939033,Normal
3339,70.8730040142144,57,7.558950274956931,Normal
952,74.03624892874818,94,4.882287700800249,Normal
2167,83.17760478439722,45,5.675214733266962,Normal
1346,81.17725913106233,69,5.925550666650368,Normal
1433,82.04435762943451,94,5.9290046067052415,Normal
2008,80.1450468051226,27,8.122768202878387,Normal
1224,84.2792592478998,70,5.044250790717352,Normal
3239,81.65441958378315,20,8.196622965145231,Normal
3283,74.27157730531326,53,2.8497306322041154,Normal
2802,83.98349277083192,55,6.67108418251385,Normal
3035,72.22190662656543,107,8.452422298888827,Normal
3489,70.8692483360345,82,3.845831874006638,Normal
895,82.2597377926769,31,6.476195553428812,Normal
1072,76.61805507354933,93,5.403137669544964,Normal
3482,85.66157222227437,85,3.9959334552247414,Normal
1438,78.0455727837632,20,8.897047581686767,Normal
3066,83.53363531575002,83,3.719587322777594,Normal
3373,72.40171461207645,34,8.869560897601168,Normal
3101,87.11332702411487,104,6.488020353458719,Normal
1603,82.72261917422502,100,4.3569812928385865,Normal
1357,76.89073467810667,86,6.898878008012753,Normal
843,73.1650129247127,28,8.906752077626145,Normal
2106,84.05511054851716,26,5.5354431353827716,Normal
3359,78.46125843243368,60,4.369941320574031,Normal
2428,86.29700377911706,69,6.417282900314843,Normal
890,87.36195262348029,50,2.5402511838772446,Normal
1644,88.70937786670902,98,4.041610117141948,Normal
1553,73.88889268914433,81,5.575023377091549,Normal
2995,89.74045625461343,105,4.880560555254954,Normal
2254,70.64147234006882,72,3.786961382785599,Normal
1608,87.9286710608135,113,5.291195718453821,Normal
3223,76.98130790444456,56,5.800639208005048,Normal
2239,78.49047808107228,114,2.9571228055076273,Normal
1487,77.36801006149679,87,7.481844340706688,Normal
3452,86.48397813953096,54,8.234925719998177,Normal
972,83.27119544852037,60,6.764308852137174,Normal
1831,86.41793062535052,71,5.271354165258012,Normal
1166,80.18059310061027,73,3.148291474623801,Normal
2396,89.91062363476316,65,5.5022149663091495,Normal
2429,76.52089784583896,40,8.370751478911293,Normal
1732,80.81551339611572,73,6.184181943944305,Normal
810,84.240846388795,20,8.18289178350158,Normal
2178,87.15475817506707,108,4.956501890393184,Normal
902,75.98261018839892,113,6.616094886176594,Normal
1810,88.57074815707179,36,3.3632122404669005,Normal
2699,85.95788263872844,108,6.1838686984608,Normal
1644,80.51244963446887,100,6.1662900762184485,Normal
1636,81.38841467449099,75,4.212244151189386,Normal
823,82.27467054863874,44,3.8344013598545823,Normal
3326,76.56214477497151,62,4.635467844534188,Normal
1362,87.42823148226819,52,8.085007169497906,Normal
3312,82.05061178764959,53,2.9668950473537814,Normal
1531,81.54871517787257,29,7.704762899584557,Normal
2197,82.03445024557949,95,3.9968878424331256,Normal
1183,88.99537483530986,70,2.9854694170528564,Normal
2348,72.36507371709654,48,5.102136588140551,Normal
2918,83.10691384542507,33,6.03022297186178,Normal
2813,86.11138530629565,48,6.776661292231562,Normal
1524,86.69859484963106,112,3.6209008580707795,Normal
1064,81.77149899936698,50,4.248588048288726,Normal
1581,81.55129840810281,50,6.867458426679554,Normal
2521,82.97157475161121,80,7.650690250109811,Normal
2412,80.33269307808969,73,4.601574559459245,Normal
2705,85.82393964400127,32,6.146901807191515,Normal
3077,77.27850469595776,111,5.664342784941047,Normal
3235,74.51060269176436,59,2.719896151917762,Normal
3045,89.98977837529719,33,2.648953037602136,Normal
2490,82.43907319009094,90,6.53273780945445,Normal
1889,80.23168311049457,88,8.276396093782818,Normal
3048,82.79297806760263,102,6.5748036667206815,Normal
2262,75.2992270391477,119,6.480148038720195,Normal
3140,76.1575911630019,84,6.20292363399936,Normal
3140,80.25397641032006,32,4.073906392012754,Normal
3096,81.08915263975692,27,5.073009198873617,Normal
1269,88.84919200727433,54,8.684512568432014,Normal
2345,84.21445617206368,116,5.3304493939742965,Normal
1338,83.81201218320642,36,6.677746102607893,Normal
2231,89.80330390549263,112,2.5177810658264366,Normal
2470,76.23170473812795,118,3.1650688474004056,Normal
2180,83.42591007438908,75,2.6767671664148827,Normal
2703,76.6579588994029,60,3.299238989144332,Normal
3144,75.24186869738583,105,5.8600856059106246,Normal
2512,78.66506010724551,94,7.906526999951971,Normal
2406,87.34707320654832,32,6.1138901540755946,Normal
2042,78.11715206000524,76,6.511237437338637,Normal
2739,70.27936775099163,90,8.299217344934561,Normal
1157,75.098567857365,66,7.514151609589078,Normal
3147,76.0392694337207,94,3.938896819400902,Normal
2695,73.51617247466292,92,5.614484296461802,Normal
2353,71.23942865450688,88,2.841904695652577,Normal
2257,83.83216983043866,115,5.93606003563264,Normal
2908,83.49227872661479,101,4.344855301936891,Normal
962,78.89235406546905,59,2.908819540052956,Normal
2864,77.74773224045899,44,3.9049412503769227,Normal
857,85.7592901858547,103,7.312564783859815,Normal
3349,73.33824311565488,110,8.454860020592818,Normal
2631,71.31131789684981,118,8.666270192507895,Normal
2690,85.85560517731038,41,3.0958507642769475,Normal
1620,88.45032635194602,61,3.915267376448721,Normal
3071,70.17034924862917,30,6.340793592772457,Normal
2952,74.03096949291724,71,3.715010963513703,Normal
1488,88.73717574303947,111,3.949436149090346,Normal
1521,75.03818461732328,47,3.6185450096809078,Normal
2801,88.43830117486765,33,7.669123480485833,Normal
1612,71.200566520637,86,8.352039731259277,Normal
1158,73.6947877402061,53,5.285697740926077,Normal
1641,77.36264818282041,23,3.1761911168709203,Normal
1221,74.71497427652658,92,7.355824600435465,Normal
2461,72.34350577467687,67,4.901008985166371,Normal
1519,79.25134057947295,119,4.600741211818221,Normal
3382,71.51580313733571,107,7.03937209689713,Normal
2268,85.48467579075164,94,5.462223949021768,Normal
1391,88.31655612113641,61,8.97606288285495,Normal
2726,81.11233771181499,38,4.816477801269146,Normal
2820,73.00381829279671,85,7.153304523153111,Normal
2756,81.33996498035486,92,7.337990356694464,Normal
1626,84.21776651821804,50,3.8008773898072272,Normal
3103,76.09535985770397,80,7.380425376014703,Normal
1784,74.58111484676445,93,4.69335258190959,Normal
1930,76.83296755380692,75,4.82199626231165,Normal
1746,80.34067038735073,76,8.312513181282267,Normal
2647,87.19610290669931,30,4.021630061715415,Normal
2954,79.56021522315184,31,6.114663362361803,Normal
3092,71.95394184141455,90,4.802608916318782,Normal
1663,80.02403341395288,94,5.298380091342418,Normal
2884,73.80865608310972,91,6.860040849309523,Normal
1887,81.91462805078515,95,4.014041257768268,Normal
2143,73.31570156769327,30,4.970465421504197,Normal
1619,80.63683383217653,106,5.779479878706688,Normal
2868,81.96216690807334,93,5.120466656765478,Normal
1059,84.39351730888771,42,8.215935318578442,Normal
1651,71.0092195769036,72,7.240089919656322,Normal
3080,75.57206739285344,77,8.447073721508307,Normal
3287,87.97363968884554,86,5.568960097289501,Normal
965,87.42100185955321,52,5.395413207441316,Normal
1427,89.8366784089718,36,8.364773416502501,Normal
2909,83.3985830192986,21,8.491828181579251,Normal
2280,74.89856271092178,102,3.3006269930342786,Normal
882,86.06447167974278,43,5.763523318151435,Normal
2769,78.5971475551698,89,6.570945244840656,Normal
1326,75.46385603827821,59,2.92345199564112,Normal
1778,84.20264820105517,102,8.140557576045484,Normal
1684,86.1242938271925,62,7.798047602775991,Normal
1093,88.45949221065688,51,4.7809382435847745,Normal
1855,74.58119829387037,58,3.121588489169189,Normal
3350,81.8349687413591,77,3.6616704179670543,Normal
1056,71.75468643224092,46,6.0499496234824495,Normal
1435,80.4063666364103,83,2.7735087554640816,Normal
2878,73.10523557319468,113,4.570875380108061,Normal
892,73.18362894453868,23,4.506633013850526,Normal
3455,78.50899867685818,90,4.906746245368238,Normal
2018,86.34556171038689,42,2.692842605930034,Normal
2926,85.49454365395059,66,4.791748804918372,Normal
2267,84.80330668365666,56,8.386963959960529,Normal
981,79.06769920911795,99,6.916404458798869,Normal
2645,75.40739608382208,52,2.5764455802397235,Normal
2598,86.49882832278402,63,7.676480249488385,Normal
820,72.98958358841237,118,5.1324854886601905,Normal
3484,85.02028860807752,84,7.423102531009397,Normal
3135,82.78792805854766,43,3.373873732681701,Normal
2219,89.09282954927306,84,5.705361745945531,Normal
1775,74.06847407557082,22,5.95457383838718,Normal
1977,81.31400833837178,94,7.583950500066225,Normal
2786,83.0036904957183,68,8.382055842788617,Normal
2461,79.46122054920554,53,6.346867064344414,Normal
3231,78.24191431079629,45,7.919912827081425,Normal
1275,87.14922684882077,44,4.39064628717333,Normal
3014,81.92071984801284,80,8.863470896933393,Normal
2773,88.36385037387302,60,4.362472862604809,Normal
2120,74.00456000569234,83,8.761833792710718,Normal
3016,70.22706147833156,87,5.188181324202865,Normal
2034,77.85666032163591,32,5.495950009281392,Normal
1023,82.91357377083301,38,6.164481982178717,Normal
3263,83.73239138309951,20,7.703801215440409,Normal
1443,79.27264516395743,118,7.260300962779817,Normal
2561,83.66139205093553,76,6.2996665070224225,Normal
1242,71.61725825575927,66,6.949080249795214,Normal
3141,89.09104263658972,54,8.012915767520518,Normal
1618,79.36427264729427,22,4.742043927438553,Normal
2669,81.29761950392815,101,6.588056986193377,Normal
2119,86.36135121196823,111,8.922419104523382,Normal
849,70.34413921622979,100,3.1901132249392274,Normal
3178,89.38883538732496,57,7.809890683786121,Normal
3399,81.63256309368569,92,3.0741914238663854,Normal
2530,76.16468271717126,77,4.824144119600635,Normal
1722,75.86062275951763,56,8.330738661158751,Normal
965,75.09907172062421,24,5.9927604033153425,Normal
2928,78.43662275244122,41,7.5687116112715485,Normal
1812,78.7926207292781,54,3.9065989552495166,Normal
2983,78.23397248657191,21,8.43752294312413,Normal
1710,74.30247543326578,73,8.24273436916964,Normal
3097,72.5811488569136,68,2.7685203077966265,Normal
2148,85.93638797040482,34,3.6019203812130725,Normal
2676,80.54271187929312,43,7.273891972548047,Normal
1904,80.31395153105792,69,8.477803408468935,Normal
1201,81.89338590459816,88,7.944545791154898,Normal
2577,86.72129447022247,81,5.8618726523702085,Normal
3272,87.4988788398108,52,7.142973358701713,Normal
1175,77.94515047552707,58,4.436040047194459,Normal
1944,72.26601754040148,30,5.071278472304403,Normal
2250,89.70760478599088,62,3.833134727185653,Normal
2293,78.3224923876552,116,4.921949750749149,Normal
3282,86.87072635126955,59,6.9344121916198755,Normal
1296,81.98299262622105,66,3.888343451800649,Normal
2368,71.8500330324599,90,8.513658018989851,Normal
2436,89.9086304096986,88,7.224028804434924,Normal
1051,84.04609491917024,71,3.935610034457316,Normal
2563,80.39981227789158,99,6.848223772567738,Normal
2822,81.55556958829322,34,2.5510364370067196,Normal
1232,82.12604111527027,61,5.541207974051436,Normal
820,76.87175670091175,29,8.195932994163229,Normal
1777,77.31587041586437,72,5.962039419585702,Normal
2827,89.28564998276192,63,5.86043132926513,Normal
2401,75.97270238852313,40,4.739925123086406,Normal
2363,84.55186226258897,52,3.057622125317767,Normal
1349,87.58091615572054,64,8.260141919712787,Normal
2992,72.58501848397925,62,4.148912853378151,Normal
2158,79.24421286963178,66,8.02899908991423,Normal
2109,73.58086248594488,37,7.403427957707049,Normal
3133,79.30425391688536,26,8.757854234072694,Normal
2171,74.72122507049232,25,8.505684830090757,Normal
1090,87.41745195345041,53,8.835153514803224,Normal
3237,76.61530487135602,51,4.929263792988153,Normal
2608,73.01243727789772,50,5.215125219444045,Normal
2632,86.68285323044967,81,7.637437418721471,Normal
1862,78.9124400258688,23,5.942260786916318,Normal
1024,79.38772528081672,88,2.8391930835105272,Normal
1941,76.12504260408694,33,7.357494027405875,Normal
1268,75.30930094727698,27,8.44286202379411,Normal
1388,83.03471592763029,111,3.4916355444253058,Normal
3490,75.59243646769738,92,4.281855512808477,Normal
1057,86.84585374794682,55,8.10649014276452,Normal
1941,79.25253305466671,60,7.450231315709404,Normal
1080,75.60308208666054,23,7.22904259767024,Normal
3195,74.2260668455132,94,4.713352116283886,Normal
1145,72.90128420306415,87,4.2548825846219,Normal
2287,82.21390865176406,32,7.6303154698898386,Normal
1633,80.48629190367323,62,4.896768576359619,Normal
3413,74.2014434675691,119,6.3084243723745494,Normal
1102,76.07700929356952,105,7.826738200629481,Normal
1503,71.08081897325118,33,5.062833334559989,Normal
2468,73.84918628713889,85,5.595672940552739,Normal
2098,88.6202346114656,79,5.926829248519043,Normal
3196,83.49715965927892,30,8.76612099954096,Normal
3222,73.51850743069937,81,7.7019414054861635,Normal
3244,70.22045175105656,57,8.406117780512332,Normal
2067,83.57486778486829,95,7.103764708331085,Normal
2805,80.35183360223515,21,8.11742914471612,Normal
2781,75.12579731835775,81,7.156399908059014,Normal
1184,71.77967095806993,113,5.003239739136744,Normal
812,88.51096878072633,47,7.1065177819697265,Normal
2988,85.48665501840959,68,5.437307818184598,Normal
1783,85.71282983512809,100,5.562357387237807,Normal
1194,85.71035234326179,119,5.400320676663663,Normal
1854,72.2487875711975,51,6.557801005479831,Normal
2041,78.13193504457092,48,6.261477878152185,Normal
2510,87.46238522156543,87,7.050684096727311,Normal
1052,70.06213237506199,38,2.9098664360559137,Normal
1252,82.21979928853094,40,7.159276597500043,Normal
1673,81.065023082489,24,4.872410159664489,Normal
3001,86.2282817243764,53,5.969550658235855,Normal
3094,75.83878934575824,114,3.9192790664836017,Normal
1720,79.78404351940543,70,4.627584891450894,Normal
2912,88.16606783332963,66,8.29023346393304,Normal
1200,72.88909962119949,44,3.4510203960283765,Normal
1501,73.84558016655552,106,3.4211743053426225,Normal
1625,70.76580323331535,33,8.684524032809621,Normal
2437,81.29874413794067,87,5.413617701317348,Normal
2766,70.42837843583158,84,8.638933728157475,Normal
918,84.86675012271739,56,5.5852130919879865,Normal
2563,71.69733207366883,96,3.8362928007110346,Normal
2806,84.39163627772584,108,4.1332530424735605,Normal
1148,72.9987079890469,95,5.680201865661397,Normal
1831,89.30001848177706,88,3.3673202452105855,Normal
2643,75.03090494034001,104,3.1741362368153427,Normal
3363,89.53928455672178,59,4.715770714285573,Normal
2730,89.85287464416797,67,6.1921960670522544,Normal
1187,87.31613238538709,49,5.598236971542568,Normal
3373,82.35979578529191,20,7.25338616795606,Normal
1067,89.34695174434529,27,6.508952976035833,Normal
1280,77.36834767862366,71,4.48859688741447,Normal
2968,78.32256790819939,94,4.337636376511762,Normal
1521,77.23780267440515,89,2.8898337541308954,Normal
2958,81.84195809035428,105,7.839236570737266,Normal
906,84.06571097556585,22,3.967774174094946,Normal
1744,86.03714801750513,64,8.999112501337605,Normal
2857,85.57942972253394,85,7.852353221144777,Normal
1453,78.84079087952227,58,6.839545769259531,Normal
1362,75.8999057852736,84,4.687452309470568,Normal
2596,89.39075597251775,34,7.9321837704193126,Normal
1842,71.13078837330093,87,6.156481366712844,Normal
2402,71.66679894596234,20,5.899564326728719,Normal
3389,81.31504410769996,71,8.651040590123468,Normal
2475,86.0975936910621,47,6.889392692034204,Normal
3468,71.0487299836427,105,3.6325778563256166,Normal
1250,70.87262109734593,111,8.981291539373544,Normal
2111,86.14158864371805,27,4.062754079220381,Normal
826,80.57146126314078,113,5.875101083640101,Normal
2543,76.44325393572277,27,2.70944136302053,Normal
2122,76.09725420473839,46,7.344131202471667,Normal
1855,79.73666940348357,99,5.3060316443010045,Normal
3371,77.49396282584254,88,2.5869300190698956,Normal
1224,83.34383359955743,73,3.3279469831680797,Normal
1952,70.04907502248173,23,8.419179236069972,Normal
3039,82.14453985712561,86,4.121559226062727,Normal
980,89.64755640515529,39,3.8695101248231065,Normal
1549,82.64579539699952,65,5.843669231141915,Normal
2530,74.38683673791974,38,5.542979504899948,Normal
3234,72.17408390512396,33,4.809404247070067,Normal
1717,78.75901452394407,119,4.586787834158589,Normal
1753,88.13104646913763,25,4.888904764838777,Normal
3098,83.42279406728085,81,6.150942546666762,Normal
2057,79.22912451901999,36,3.5067300745500805,Normal
3251,88.76812479591268,45,5.746026262204493,Normal
3434,81.5570494982788,42,4.3338559414624305,Normal
2145,87.55611415364768,57,5.739292578961071,Normal
1144,71.82543397045723,65,4.8285039229862345,Normal
1830,76.10293266364677,59,7.195080830644756,Normal
2877,89.88004998632253,41,3.2015563530431486,Normal
801,82.17277426324294,117,4.081292094279561,Normal
2680,71.51646738413166,67,6.983874572669948,Normal
2162,76.7315481872375,56,4.9364969478856295,Normal
1733,81.36559696758083,65,3.6203504410618352,Normal
2258,82.59043647558775,108,4.9854505796663915,Normal
2691,74.786681132497,98,3.6089808341924288,Normal
993,87.72739559780109,64,8.474277930246089,Normal
3464,84.29264299829657,21,5.9239385339422075,Normal
932,77.80695337934672,52,5.714891480887468,Normal
2090,88.90793273187947,21,2.5851733316870935,Normal
1434,86.73510786072038,51,4.370956893782465,Normal
829,78.35742340301809,104,6.143482964111708,Normal
1622,85.21552817490517,81,8.357518442970918,Normal
1689,89.4924466080078,66,4.106475126452814,Normal
1801,82.20537325724872,103,5.216862659403521,Normal
1619,70.26159393133486,91,7.878227625985567,Normal
2511,88.04723046788897,48,8.691857432928607,Normal
903,86.3901206296074,29,3.0594129709031064,Normal
2659,73.71175871836844,27,7.4088647325435515,Normal
806,86.07342791560855,104,5.511883759674712,Normal
2331,76.09266064712321,58,2.7646573939363575,Normal
2773,70.72154360125738,23,4.017860576172005,Normal
2295,84.33538196297074,66,8.204289139361773,Normal
2074,87.16735954808934,104,6.642487002944353,Normal
2737,77.15593416609975,50,8.326413092160797,Normal
2040,78.96888166161014,54,3.746509046592862,Normal
2623,70.73552366305876,119,6.893918168639602,Normal
2590,73.62725867563304,34,8.055604989651467,Normal
1831,71.5686983956978,65,7.877271798407446,Normal
1007,87.06207065290423,119,7.577331189289528,Normal
829,83.01486565776946,45,8.880603367233617,Normal
2655,87.58935651534837,42,4.010507346959516,Normal
1321,78.94798466720378,62,6.553369295978015,Normal
2092,81.11414952415899,112,8.869999266394746,Normal
2358,83.53195930391536,86,8.15791898984958,Normal
3159,88.99827248270928,70,5.177907666862286,Normal
3052,85.10164198138537,28,7.492634908638968,Normal
3453,72.86366002114795,22,7.283020981527736,Normal
922,89.78151938259859,98,8.706403080796601,Normal
1766,83.81901256362114,62,5.115932357279772,Normal
846,87.29937739991308,32,3.3955210738854786,Normal
1570,76.41403726835458,24,8.971631877559176,Normal
2599,85.57738720991823,98,8.383242319450279,Normal
2893,71.94043137499357,41,3.3679548630307785,Normal
2862,78.60784266833328,102,8.819401483667079,Normal
2220,76.0701304730536,29,6.5125078087285635,Normal
2429,89.16577895855595,75,3.055471561105688,Normal
1304,74.9858879411067,52,4.609875673875875,Normal
1523,83.6971793204431,40,5.89115674124522,Normal
1905,73.16328472401898,26,5.412827988036317,Normal
1555,80.38148839003017,54,7.518124478083857,Normal
1303,85.15800105364066,27,7.882275010258223,Normal
2441,72.01317606446315,91,4.142497647732941,Normal
1446,79.3478177043981,104,3.3700870008391615,Normal
934,70.24409806529242,49,8.362814661718524,Normal
1973,87.86198628283927,26,4.322422959411217,Normal
2527,81.33228559930726,82,3.8707537208090503,Normal
2214,84.31502216795822,103,5.43547954002024,Normal
1632,73.91971287844923,71,7.851766279284382,Normal
1769,87.46805518637088,41,3.284634597967031,Normal
1225,71.82365429532429,50,8.999164449911905,Normal
2591,75.41679666887961,48,4.439473976185181,Normal
1268,85.46290684135934,31,6.553326020899766,Normal
2239,89.09356824199466,98,7.687990238628204,Normal
1403,81.67823226605898,59,4.109070590139041,Normal
1517,79.68072205183132,72,8.683341993304328,Normal
2321,84.99063619836171,106,5.9545115661612185,Normal
942,71.14961854588387,72,3.4896030892203904,Normal
2405,80.0754369105983,47,2.9392169674504816,Normal
2893,75.10734696501598,64,5.656873908339583,Normal
1060,86.46493053431986,20,3.844705719708678,Normal
3457,87.1603024118085,71,5.299826436797852,Normal
1116,86.89768770814074,95,4.182364174954464,Normal
3242,81.12720731896499,81,7.944088233974984,Normal
2577,82.59089263099324,52,3.27747727137277,Normal
1025,75.56211396595705,94,5.293100867717252,Normal
2839,86.64207174863418,37,7.205155352856554,Normal
1366,84.12457778047911,59,7.904455080836403,Normal
2327,75.4344951324838,74,4.445634470858234,Normal
3291,77.17829556079592,63,6.370034933300766,Normal
1016,78.69640247319359,43,7.631985198133649,Normal
2076,89.21575688916336,36,2.8203180848501006,Normal
1612,73.1129232181119,60,8.393993379740904,Normal
1091,85.24360764654924,62,3.0652990032875698,Normal
3123,77.44995287783303,93,6.194380917527887,Normal
3270,75.67236710942092,20,6.41524452157189,Normal
2634,82.50657978424667,64,7.3953224703612825,Normal
2800,89.57013799500967,34,6.283428750702351,Normal
2058,77.91406248226403,28,4.237728291759117,Normal
2354,85.67374806626462,105,7.803519526202698,Normal
2661,74.77845505004547,103,5.137153017822998,Normal
3103,89.59629061378126,33,5.661573514053326,Normal
1686,89.4240874618969,77,6.769376127916058,Normal
2076,75.42940153790202,57,6.339404558666444,Normal
3087,84.35418806756358,114,4.943049357517102,Normal
2353,79.74907590387127,34,6.171961186847492,Normal
3133,70.05143775334166,87,5.496832212861124,Normal
1862,75.52343256120423,68,7.126576923398241,Normal
3351,74.80965520943509,65,7.941714431016386,Normal
1794,70.7783775945011,119,2.9440307563507515,Normal
1653,84.86165687825077,88,2.5327250105290924,Normal
1813,86.10294952166029,36,3.165105646016665,Normal
1386,75.07275742073207,62,7.344504440721651,Normal
2305,70.89331656110276,46,8.474689127757877,Normal
826,83.20615588344117,22,2.598861090722492,Normal
847,74.20461423017335,105,3.3437684761543185,Normal
1088,80.10883128208522,73,6.333050775522231,Normal
1171,83.6073951210956,54,6.294373801342647,Normal
1597,75.53257418190674,38,4.4563969814042705,Normal
2153,77.75238991270916,94,2.614674575353478,Normal
2234,80.09611934536127,56,4.627436214490393,Normal
1016,70.98538958201317,55,5.166184991427836,Normal
1102,73.22192921218532,90,8.972721667925882,Normal
1742,75.91302603776789,43,5.556786614140792,Normal
3242,86.2593659513553,92,5.694479824772502,Normal
2336,75.31741733067409,88,5.912707450262719,Normal
1584,70.87419361499819,58,4.385480433202856,Normal
1742,88.54429498635466,80,3.1309683376970625,Normal
1986,77.47639545780098,66,3.6903222137392757,Normal
3041,74.02838022326667,34,3.7390159417828035,Normal
3193,86.47002584460277,85,2.911252913043072,Normal
1100,87.41468479449037,24,8.544151595112858,Normal
1124,76.51612961297329,46,3.6150081539362633,Normal
2713,76.42578068781783,60,5.021923626884671,Normal
3407,73.85132401242235,42,8.384996008546267,Normal
883,87.70966239846133,42,3.3967989880104543,Normal
1647,89.00178333719123,116,2.9173950623469045,Normal
2137,81.15515610673717,41,7.341248150289111,Normal
2410,89.88691959317262,114,4.401830445857632,Normal
892,80.38357508078832,97,5.538790431051217,Normal
3368,72.14137591414742,47,5.835530594695641,Normal
2465,81.98150551334534,72,2.9401843625224564,Normal
1209,80.09369953988839,115,7.822364239729926,Normal
862,79.54181429120372,26,5.637671169399891,Normal
3247,82.745544893534,88,4.761373911631813,Normal
2617,86.19351101601315,61,3.9932128161627496,Normal
2449,73.7878253633226,45,2.94380448703461,Normal
927,74.556040236721,68,5.725807986135909,Normal
2452,89.68577496329308,58,8.91566028753882,Normal
2206,75.62979221130678,79,4.93209405994442,Normal
1452,87.42323864669693,93,8.261470119830452,Normal
2850,82.264137401954,82,6.844704650011185,Normal
1318,81.43930391293465,118,3.1813912194773692,Normal
2835,82.21451795007162,52,8.221072570734123,Normal
2666,81.50564502232787,71,8.241005462591499,Normal
2241,70.76347210273835,28,3.5461442581158633,Normal
1669,77.99491303457452,70,4.46328083386222,Normal
2848,84.07003867278395,56,6.459203091680643,Normal
2672,85.98427736360475,25,4.680714793129026,Normal
1653,72.12492406752975,68,4.947365538124547,Normal
1944,83.68502208900588,96,4.491529001632666,Normal
1879,84.03580947429037,24,4.9837542675720785,Normal
1040,70.22935808051919,109,3.1235525034353313,Normal
1923,78.37408427866058,104,7.348797167254813,Normal
2891,82.15262851131894,104,6.46010422183464,Normal
3129,70.10431385137943,111,2.749429359604315,Normal
2725,72.00602464222524,27,7.031698150629861,Normal
2245,84.14741094028291,24,8.817340621772228,Normal
2181,79.89167078890242,34,8.377731662097805,Normal
2197,80.35358646984852,25,3.418145969936827,Normal
2823,82.5572088530788,37,4.125153391670019,Normal
1936,70.48966508786556,106,6.48383112943619,Normal
3313,82.8071190751191,20,3.830034688564832,Normal
2816,82.34082176690397,117,3.7062391302718307,Normal
2512,88.51993487948164,54,3.46757063823077,Normal
2385,78.18140219417543,113,2.7366017902257,Normal
3046,84.34765571961837,30,7.628012995065949,Normal
2739,70.14456545153618,20,5.776760743021585,Normal
3369,72.475357071442,27,4.975137013145754,Normal
3225,73.87226950177606,43,6.923965466459556,Normal
1286,83.82179518817169,89,5.647069965386897,Normal
2319,89.68025538560751,76,5.376313672802359,Normal
3434,72.04379918810676,92,6.864502651217488,Normal
2601,73.52980802054023,40,7.8873721526734695,Normal
2370,75.27984447407674,68,6.308584690762069,Normal
3477,74.78179768002202,32,8.516448603211558,Normal
5531,86.71471172159808,49,6.227152076048037,High RPM
1530,62.83548099177779,39,6.893630657146153,Thermostat Issue
3465,73.41565459721302,40,17.02158463891622,High Intake Air Mass
1868,115.62200337286512,60,5.20372314024764,High Coolant Temperature
1495,67.52092515237962,36,6.977178535082304,Thermostat Issue
1699,113.17850299582274,52,7.869732987777261,High Coolant Temperature
3139,83.13642082902136,44,1.2166797915750327,Low Intake Air Mass
4797,82.26307301591251,95,3.542766037257202,High RPM
1262,64.74661435614091,46,3.5674720297969778,Thermostat Issue
3063,84.53642947925374,99,1.9369287447094163,Airflow Restriction
2742,78.279267196107,80,1.0528195296624507,Airflow Restriction
1367,104.25150145237667,102,6.533059532522565,High Coolant Temperature
823,67.65013286359985,98,7.018564871564485,Thermostat Issue
1162,77.24132650472173,64,19.757613800274434,High Intake Air Mass
2176,73.52448689619959,2,5.585210261912067,Low Speed
3113,79.71051900987901,2,3.2430430075489336,Low Speed
2832,89.2483632093786,6,3.9665168110992237,Low Speed
6015,76.08929431801728,63,3.2366952984620414,High RPM
1040,83.54235460956971,6,3.0943077654944826,Low Speed
2738,85.46817208965612,103,1.256782178950739,Low Intake Air Mass
2919,74.62440081315756,3,7.845862816694754,Low Speed
1960,62.440932276995866,37,5.115999917915939,Thermostat Issue
4118,77.94625642464574,80,4.357569533783674,High RPM
2150,86.33832817915416,7,7.400745823018092,Low Speed
5322,85.02274102756081,39,5.965253622263827,High RPM
3320,102.29087152774754,71,7.500341249938077,High Coolant Temperature
2176,83.43880263828467,46,1.3279975386342484,Low Intake Air Mass
1964,73.874001110676,58,11.390777728679502,High Intake Air Mass
2234,106.6566406534208,101,6.313920448917013,High Coolant Temperature
2892,67.69252683089782,94,4.44185439953409,Thermostat Issue
1032,89.03271279365602,1,5.0754562944324455,Low Speed
817,82.46485190867251,52,1.152030559489663,Airflow Restriction
3034,88.72530522661573,60,0.8405585100269638,Low Intake Air Mass
2855,79.44355423465228,21,1.5980733021073552,Low Intake Air Mass
2419,88.8923316462735,41,15.065868494554977,High Intake Air Mass
1058,89.38715575938673,51,1.3083080434269563,Airflow Restriction
1695,80.74030378570193,32,17.574469328040568,High Intake Air Mass
3392,114.67638756309556,75,6.0489680398521415,High Coolant Temperature
3297,87.55010949071297,116,1.903386908303417,Airflow Restriction
2348,71.12168775374734,22,1.315783360283069,Airflow Restriction
1389,112.82589148742323,86,2.789014242141504,High Coolant Temperature
1288,80.69234554667091,95,0.5511782793843802,Low Intake Air Mass
2209,115.95877864709882,30,5.331233453624929,High Coolant Temperature
6048,89.6513592059998,43,5.581941037736676,High RPM
6568,84.8784878990146,23,4.407989638450926,High RPM
3029,89.4750112513889,101,1.8916505557785062,Airflow Restriction
1797,65.28563685086097,73,7.102982046557084,Thermostat Issue
2166,76.9515524484255,109,1.0192805196118284,Low Intake Air Mass
4745,78.44451580970316,71,4.150717780200543,High RPM
2621,107.62029539151919,112,3.9901214778477367,High Coolant Temperature
2043,99.28682747446094,21,8.181936590975397,High Coolant Temperature
2191,75.11944689484521,101,1.5865943724971554,Low Intake Air Mass
1141,88.53759938571343,46,1.3248777679676662,Airflow Restriction
4460,83.73242160077913,31,4.587891282948177,High RPM
4595,89.24138983094849,61,3.7561615939361968,High RPM
6371,75.88001421326143,23,5.235253173756561,High RPM
872,69.7768171139024,43,3.8745073759128816,Thermostat Issue
4011,87.87299967318856,40,3.663689637062121,High RPM
1951,71.43298405632558,79,10.632278058088044,High Intake Air Mass
4326,88.03387838623006,72,7.077882323974414,High RPM
2960,67.11939203323931,55,7.3918723902445995,Thermostat Issue
3374,84.53271701395559,24,1.3539783870813678,Airflow Restriction
3079,78.87217048029073,82,1.7864297213132776,Airflow Restriction
1619,82.32215292470639,37,0.6785761420208754,Low Intake Air Mass
1939,84.63071375685523,88,1.7771133113371842,Low Intake Air Mass
3377,79.18370149443722,8,2.892377710644568,Low Speed
2729,100.56412824683515,96,3.287373084539401,High Coolant Temperature
5057,70.10599580926363,62,5.025677748258685,High RPM
2887,118.84700624650627,76,3.7558641965125754,High Coolant Temperature
2899,67.94836892204954,31,6.7892852667054395,Thermostat Issue
5320,74.50001852109872,116,3.3738011563434105,High RPM
2563,76.75845295416244,6,8.84406701912152,Low Speed
5177,79.51186756479531,95,2.5879673672819483,High RPM
1414,78.50997636397821,91,11.609664617560382,High Intake Air Mass
1332,86.81707370872509,102,1.9423234149168773,Airflow Restriction
5518,77.84848907681477,103,2.618692991400486,High RPM
2182,86.90731759274453,2,7.621473678091514,Low Speed
2548,63.91662593772056,86,8.194775513378506,Thermostat Issue
1369,80.17523590315396,9,4.188990718258882,Low Speed
2290,88.33506986466143,9,4.1764357542679225,Low Speed
2994,89.35619134216037,94,1.8847423502277543,Airflow Restriction
1519,64.16035686443324,113,5.329380771757791,Thermostat Issue
2835,80.74300214356032,4,8.262120119041839,Low Speed
1209,99.72957377692282,87,2.7709118521401974,High Coolant Temperature
3211,117.07630765654788,45,4.948008716996547,High Coolant Temperature
1457,77.37671728407794,113,1.846215452394809,Airflow Restriction
1019,66.86606356627136,21,7.904602928893069,Thermostat Issue
4006,81.26783348323553,45,8.088855103170843,High RPM
5475,80.3553052794949,52,4.896434321862117,High RPM
2144,87.53494027387207,48,1.2660688363922123,Airflow Restriction
1027,71.79228950516794,6,8.3496690623024,Low Speed
4779,82.88613841386206,90,7.2895394523839645,High RPM
4512,73.20208368074579,106,7.872821069948141,High RPM
2852,79.4456134595394,47,16.374120439777016,High Intake Air Mass
2940,100.62011008666133,26,7.84645338925511,High Coolant Temperature
1161,67.26071259789092,27,6.7469590373243955,Thermostat Issue
4633,81.03109892561154,96,7.775044675177366,High RPM
1577,83.73438458662254,2,5.398923595711773,Low Speed
1340,71.02368043241486,4,7.666383335045011,Low Speed
1667,64.97327489921224,73,4.272338922177347,Thermostat Issue
2046,115.21628901233372,79,2.9907133703494084,High Coolant Temperature
6336,71.91507155352654,82,7.8995805275958615,High RPM
2199,74.73224802168437,36,1.4471838977597942,Airflow Restriction
4171,79.73743748395832,36,2.5650834516532135,High RPM
1119,89.87085464274882,47,0.9112574033561145,Low Intake Air Mass
1792,75.54540746720798,7,7.234279053445672,Low Speed
4765,89.4207565558426,37,3.05186468034597,High RPM
6614,88.46955569635124,101,3.9990595380503238,High RPM
4131,83.20382287795705,51,5.1859957156054355,High RPM
3347,100.52346332463102,42,5.7368978693661274,High Coolant Temperature
1087,78.08348219718756,116,0.8994353944732325,Low Intake Air Mass
1864,72.44925016164083,61,1.287953480378176,Airflow Restriction
2928,83.05697269075955,94,1.2749118962751522,Low Intake Air Mass
955,86.06367982876851,0,7.02164691480189,Low Speed
1269,106.97997382244253,38,5.063255041907729,High Coolant Temperature
2084,103.86612798660042,97,4.98436927548334,High Coolant Temperature
2723,83.77738861804163,101,1.5484490489380274,Low Intake Air Mass
2037,82.27536999990711,67,19.305260372621916,High Intake Air Mass
2828,61.90070884886174,29,4.144683112889736,Thermostat Issue
2707,67.60969755176117,73,6.783688873517844,Thermostat Issue
1814,101.00655527343932,98,4.80854623813095,High Coolant Temperature
2821,75.231537867008,7,4.84448718833589,Low Speed
1297,76.10595789564297,68,1.727583601967456,Airflow Restriction
2392,102.60508569636637,34,4.075604107993799,High Coolant Temperature
2675,99.58111895025968,84,3.952745298815229,High Coolant Temperature
1695,70.37100197270536,6,8.712139111736583,Low Speed
1698,103.1361767361475,49,4.463414602333928,High Coolant Temperature
5718,86.9362732463226,90,6.609682065760047,High RPM
2019,68.46272209467362,26,5.7729150040164265,Thermostat Issue
1582,79.56976351426626,115,16.29969123421213,High Intake Air Mass
1814,74.54289335197096,48,14.44340035329743,High Intake Air Mass
1879,85.36746972964453,86,17.71258061595831,High Intake Air Mass
1616,107.20726003744215,35,6.4685456762317095,High Coolant Temperature
4110,78.73037070513234,79,8.902977697324193,High RPM
1271,67.65878574260672,62,4.163582569653828,Thermostat Issue
2239,101.67931974622464,95,4.398763144536899,High Coolant Temperature
1270,88.33422982509767,27,10.136060100961592,High Intake Air Mass
3290,84.62504954977226,51,12.688094110570196,High Intake Air Mass
6743,89.92357488056487,102,6.780136068591867,High RPM
1590,61.412359754256904,98,3.918758489942639,Thermostat Issue
2274,64.23915740181586,111,6.386504791709212,Thermostat Issue
5573,71.49584862891001,62,6.561134560357633,High RPM
2021,109.82356066579692,37,3.329726467699317,High Coolant Temperature
5121,75.66941737865507,66,6.688526153417742,High RPM
2865,86.42324421914938,119,0.9463357187340841,Low Intake Air Mass
1297,78.11142032291892,35,14.510678999898367,High Intake Air Mass
6065,81.91667069067937,110,4.9663409019828135,High RPM
1516,81.78396918321498,3,3.688068164918403,Low Speed
1994,76.12701661610932,112,1.143388517478726,Airflow Restriction
6503,73.34224173443715,33,5.70199239749522,High RPM
2954,71.40729500222858,8,6.611328049155141,Low Speed
1047,82.33388605758766,81,10.082216857904937,High Intake Air Mass
2229,88.44366452686302,79,1.335426334731122,Low Intake Air Mass
6917,70.88388406906587,102,8.13562249685284,High RPM
6213,89.39157082354522,93,7.637893949717539,High RPM
2247,67.87512466482805,100,7.065044408100136,Thermostat Issue
3417,75.01872966297812,9,8.25197754264522,Low Speed
2362,81.52594560755934,78,1.463220477597412,Low Intake Air Mass
3263,77.89833628106972,2,3.9954361500104056,Low Speed
1077,78.93212001101297,85,1.9931870153796023,Airflow Restriction
4695,87.86822430967213,65,8.412688344904549,High RPM
2998,79.30724279551733,7,6.899517038191262,Low Speed
2144,79.65062644161895,46,1.9410743289395265,Airflow Restriction
2912,95.97807665591492,111,8.402931296607175,High Coolant Temperature
1050,85.44894161197313,6,5.841155433307627,Low Speed
2376,110.46016305413896,99,7.542440653074954,High Coolant Temperature
1348,82.7028354202571,112,0.8377170150391284,Low Intake Air Mass
1915,71.42467841763165,102,16.97444066926709,High Intake Air Mass
3233,110.75025839201511,30,3.4426780100230925,High Coolant Temperature
2925,62.836073635404766,53,7.412414235356159,Thermostat Issue
1559,104.5441779976194,55,6.16734878095065,High Coolant Temperature
1518,62.73603840899392,75,6.11008654949933,Thermostat Issue
6048,79.1319452323353,101,6.735748421050929,High RPM
3466,85.45537941561288,3,5.897580631559142,Low Speed
988,75.59101341022725,96,1.4460033103927439,Airflow Restriction
5915,88.52580284286529,105,2.8908249213301493,High RPM
1965,74.91205570581505,49,10.904325830025408,High Intake Air Mass
1307,88.88741431557857,55,19.972003062305724,High Intake Air Mass
1268,65.9225600215146,31,4.118943776469663,Thermostat Issue
1601,73.05219286298534,38,1.6807342498952107,Airflow Restriction
2170,89.44299669138482,85,19.315454604764117,High Intake Air Mass
1246,82.42831166452788,90,1.1746847467787473,Airflow Restriction
1077,115.18943116174955,34,5.309907333393209,High Coolant Temperature
1640,83.79683257574695,117,13.113772687641141,High Intake Air Mass
2164,79.22639738381945,4,6.3847802754523615,Low Speed
2078,79.42503655608752,7,6.258332599938569,Low Speed
936,78.43541820705141,67,1.4671768398947833,Low Intake Air Mass
1757,64.70018706840244,106,5.49313735729719,Thermostat Issue
1220,68.6194296044783,46,4.636530133552929,Thermostat Issue
2357,77.7278435451814,24,1.8928933125708443,Airflow Restriction
3157,110.32426744839235,90,6.853109265017261,High Coolant Temperature
1278,62.52051838011363,34,3.8770294996362553,Thermostat Issue
1696,65.23510585773768,30,3.896283248006692,Thermostat Issue
3219,80.74966456779707,98,19.635756417830898,High Intake Air Mass
1335,79.52670153022078,84,15.300421107268008,High Intake Air Mass
1754,77.57785216216936,4,4.253849716718786,Low Speed
3420,70.96160023287854,73,1.3784744473643609,Low Intake Air Mass
1715,74.50801419308239,29,1.287935295795367,Low Intake Air Mass
2407,88.81094219046528,95,16.868819192553882,High Intake Air Mass
1196,95.67053333778367,99,5.087829060073873,High Coolant Temperature
2379,109.40285138329303,88,5.090281938571078,High Coolant Temperature
1664,62.28999073487809,64,4.564753914289913,Thermostat Issue
4078,82.03600915090074,86,5.981610825620454,High RPM
852,78.70655470447002,60,15.995754926407184,High Intake Air Mass
6934,80.13890750344814,45,8.147789390193509,High RPM
1399,119.03721597015061,74,7.06693537679526,High Coolant Temperature
2508,86.63526916673479,26,16.321840498451213,High Intake Air Mass
1545,80.47630163785878,74,1.9424436070159241,Airflow Restriction
1447,118.59437696257632,32,3.6366679153755186,High Coolant Temperature
828,98.46992568231637,107,3.5975927413095175,High Coolant Temperature
3143,72.56905101651515,35,1.7290389229342429,Low Intake Air Mass
1330,65.02848651647847,37,4.925113067625915,Thermostat Issue
1875,99.11277501280291,45,2.6481705633170782,High Coolant Temperature
3153,68.28673316757627,22,2.787247393715106,Thermostat Issue
4768,85.52176682094775,102,3.792399894598339,High RPM
3478,118.14833171920175,89,4.7558937113134965,High Coolant Temperature
2068,71.40906857905162,74,15.215395441600634,High Intake Air Mass
2088,89.72482780601425,38,11.226451613111749,High Intake Air Mass
2746,79.23067665877014,78,1.4644506624593268,Airflow Restriction
1222,67.50679165439583,95,3.363032654134921,Thermostat Issue
1625,86.23747899647489,109,1.5492398478139058,Airflow Restriction
3206,87.51147428567606,2,3.94923759590524,Low Speed
1203,77.28408558083301,57,14.981007802591499,High Intake Air Mass
2962,78.01027329655795,30,10.413035311344782,High Intake Air Mass
1490,111.16723925361302,73,8.287768193027013,High Coolant Temperature
3117,62.07755375595793,59,2.6258211082722065,Thermostat Issue
2070,115.63432782684184,98,5.392312101222794,High Coolant Temperature
2487,86.09454204464862,4,4.1793072113386,Low Speed
1691,62.613441486576185,103,6.935450648846467,Thermostat Issue
1219,83.77524397432443,27,1.861196229676103,Airflow Restriction
1467,71.38737035830201,22,0.7388867089126535,Low Intake Air Mass
2649,87.05121794966783,2,7.070294600964569,Low Speed
1613,80.79975603535823,40,1.2433911719783004,Airflow Restriction
2481,82.36243098063541,59,13.17812452963072,High Intake Air Mass
1257,67.39744679528901,71,6.323414383867122,Thermostat Issue
1084,72.4290425654738,27,1.6743337978745694,Low Intake Air Mass
2972,77.79195482746124,45,1.2978355310081309,Low Intake Air Mass
2297,62.51259678964432,63,5.232596107348435,Thermostat Issue
2737,77.29683371665024,35,14.45324210229722,High Intake Air Mass
2728,80.70138835742323,62,1.9033374963781817,Airflow Restriction
1789,73.78677252944641,98,0.8776262743366203,Low Intake Air Mass
2565,64.6848071737733,79,6.27196701004754,Thermostat Issue
2370,70.27812945864784,29,1.802437919673864,Airflow Restriction
1862,107.62216354574657,50,8.295958084974291,High Coolant Temperature
2462,73.25121977082318,63,1.8106961150671261,Airflow Restriction
2013,110.84310299297243,81,6.192681368948888,High Coolant Temperature
1560,87.91864710411927,118,1.1407965104271711,Airflow Restriction
2373,95.4138791986097,94,4.471846114696144,High Coolant Temperature
2797,83.72470914729196,87,1.072052655758613,Low Intake Air Mass
2545,77.81379643697876,2,8.590723929401863,Low Speed
1708,61.57061521787314,59,4.540194705228416,Thermostat Issue
1080,89.65965996482709,2,4.476684927763339,Low Speed
4724,71.09274194248671,39,7.162685130031076,High RPM
1349,83.2489121087846,22,1.0810888289419376,Low Intake Air Mass
2010,76.68759184175568,27,1.101929081337462,Low Intake Air Mass
3492,85.37927050810818,53,1.2819634806719864,Low Intake Air Mass
1126,87.03600884050718,83,17.42795930149662,High Intake Air Mass
3403,76.1802361087921,59,1.8550463185577328,Airflow Restriction
2080,70.77393133657789,21,0.7883786016302547,Low Intake Air Mass
4601,74.46859422787848,91,8.28977001727581,High RPM
1511,71.5971636176883,44,1.3392149541645417,Airflow Restriction
3050,114.46590546997459,39,3.0588319818039063,High Coolant Temperature
3065,86.49665451569248,43,1.2578821671210816,Low Intake Air Mass
1832,115.13305237398991,49,2.564387028761683,High Coolant Temperature
3439,77.56179014743223,107,12.933260684968712,High Intake Air Mass
3341,88.24410144198838,0,6.923132900993069,Low Speed
1595,75.9946020246778,1,3.562046082338246,Low Speed
1273,72.15169713534597,63,1.7891509023890155,Low Intake Air Mass
2220,63.836592404355144,31,3.415968895420023,Thermostat Issue
4682,81.21647789196878,117,3.730130735812293,High RPM
2441,88.95246566881967,72,1.0350028478544573,Airflow Restriction
1002,102.00605450652913,114,4.421538412782761,High Coolant Temperature
3007,78.04594385475022,81,1.98845037113421,Airflow Restriction
1979,75.16576347474341,52,1.1778937328726722,Airflow Restriction
2635,87.63024068467251,105,0.6752296910886426,Low Intake Air Mass
2011,106.51129834877625,35,4.900330137893138,High Coolant Temperature
2946,74.99482787422824,56,1.6258379698736185,Airflow Restriction
6852,75.54847137832427,29,8.16723417423588,High RPM
2068,69.68875260720584,93,3.3845930912238096,Thermostat Issue
1638,65.69194962372468,70,3.902972364941445,Thermostat Issue
3154,83.75319735748715,85,1.3565433451778304,Low Intake Air Mass
1866,88.27087733763486,77,0.7988630966115837,Low Intake Air Mass
2925,61.21467533435947,66,3.443428451726199,Thermostat Issue
2342,97.13641204999347,58,4.609064056914871,High Coolant Temperature
1608,60.79650276607533,76,4.933627170563584,Thermostat Issue
2922,78.00870169441093,110,16.395247478517344,High Intake Air Mass
2126,72.89384317925868,70,0.8790946913239923,Low Intake Air Mass
1291,71.80889282573247,78,1.5213259690522623,Low Intake Air Mass
2698,75.09144164655221,65,1.713316880362021,Airflow Restriction
2939,95.42597440619046,68,7.455536023592526,High Coolant Temperature
2430,68.56162338985934,34,8.371765013823836,Thermostat Issue
1159,77.92741172591649,73,15.260112825432,High Intake Air Mass
1844,88.36447980242548,2,6.039425348491058,Low Speed
1012,98.39219987309458,52,4.6965230987546995,High Coolant Temperature
1164,83.56723475843567,0,2.6827456468595736,Low Speed
2347,63.367506998984744,98,2.7395725613787403,Thermostat Issue
3396,70.3173170261136,57,1.2579901938498121,Airflow Restriction
2820,69.82393416308194,44,3.77470071694587,Thermostat Issue
2267,84.9946926116416,37,1.3871197855592783,Airflow Restriction
2130,79.54932399426794,23,14.043129423247027,High Intake Air Mass
