RPM,Coolant Temperature (Â°C),Vehicle Speed (km/h),Intake Air Mass (g/s),High RPM,High Coolant Temperature,Low Speed,High Intake Air Mass,Low Intake Air Mass,Thermostat Issue,Airflow Restriction
2248,71.78136671275037,42,7.678893300364607,0,0,0,0,0,0,0
2143,73.15428700127586,106,2.9186298119216865,0,0,0,0,0,0,0
2733,86.4815933187623,58,4.750997510806866,0,0,0,0,0,0,0
3041,88.92740149844639,117,8.537899080094494,0,0,0,0,0,0,0
1510,87.52309065756862,51,3.863928366670289,0,0,0,0,0,0,0
2529,72.03597107718477,97,8.452578142153158,0,0,0,0,0,0,0
2906,88.66538535582976,48,7.471836674726108,0,0,0,0,0,0,0
1663,85.41290043461336,104,8.350056482214063,0,0,0,0,0,0,0
1709,89.21462728937584,87,5.232504916485339,0,0,0,0,0,0,0
2247,82.97748933206036,66,5.794291019303206,0,0,0,0,0,0,0
3445,78.63457297569953,60,4.6604498557204845,0,0,0,0,0,0,0
1023,70.51733180883323,70,8.739726622938022,0,0,0,0,0,0,0
2629,70.76987437723065,89,4.35074425545675,0,0,0,0,0,0,0
2434,77.26697087190911,48,5.779294755971227,0,0,0,0,0,0,0
1996,88.32660215825071,62,6.821826245649159,0,0,0,0,0,0,0
2094,76.48497375021797,98,7.166680798135204,0,0,0,0,0,0,0
3386,76.5491886147791,96,8.066776680624066,0,0,0,0,0,0,0
1839,71.17729719014574,60,8.870376143819591,0,0,0,0,0,0,0
853,84.3681403683373,27,2.683405103346955,0,0,0,0,0,0,0
2071,78.14204417818097,114,3.755832561628458,0,0,0,0,0,0,0
2687,70.1610406757819,118,2.954319633685754,0,0,0,0,0,0,0
2347,85.54332486255,31,5.434876623082489,0,0,0,0,0,0,0
1059,87.25113369722186,34,4.307511210644709,0,0,0,0,0,0,0
3037,76.7042384570427,109,3.331580432452747,0,0,0,0,0,0,0
1004,88.6747024709973,56,6.68351908657336,0,0,0,0,0,0,0
828,84.97807902120647,63,7.72050164785989,0,0,0,0,0,0,0
3413,80.11565556919021,110,8.118067433025699,0,0,0,0,0,0,0
1726,75.7804164641392,75,3.020356956916797,0,0,0,0,0,0,0
2770,81.33292108238433,73,8.355314036294233,0,0,0,0,0,0,0
1006,81.22390417741218,87,8.601380442441945,0,0,0,0,0,0,0
3027,76.71491429374237,88,6.8840730537168655,0,0,0,0,0,0,0
3406,84.57040954567736,56,6.174775979229485,0,0,0,0,0,0,0
3145,79.59260297657126,86,7.001358743831927,0,0,0,0,0,0,0
2824,76.5124721910281,21,2.865361757125613,0,0,0,0,0,0,0
2113,82.41564196597794,114,8.73965450137982,0,0,0,0,0,0,0
2498,82.75497197221176,65,4.164621811119003,0,0,0,0,0,0,0
1732,73.96344411917116,86,2.859635328569319,0,0,0,0,0,0,0
1639,76.41367673686263,105,2.506124182664997,0,0,0,0,0,0,0
2531,85.09334771661966,103,8.015183093069986,0,0,0,0,0,0,0
3456,73.15301562540424,104,6.561171090751733,0,0,0,0,0,0,0
3163,89.42119890894213,65,7.550287877171217,0,0,0,0,0,0,0
2310,74.11841483529524,33,7.350925789448857,0,0,0,0,0,0,0
1816,71.29101144442181,78,6.910847769425842,0,0,0,0,0,0,0
2938,73.24388536451862,64,7.678882775020108,0,0,0,0,0,0,0
1942,83.23598245930926,46,4.770141416933387,0,0,0,0,0,0,0
1296,74.7099264407517,99,8.376070975333189,0,0,0,0,0,0,0
2695,81.2817813885136,69,5.42926381076177,0,0,0,0,0,0,0
1700,78.44649770168397,56,6.801086174992685,0,0,0,0,0,0,0
1736,77.42922270483078,79,7.833413846082782,0,0,0,0,0,0,0
2614,77.53939796140097,57,7.334944332129776,0,0,0,0,0,0,0
3343,87.3552331259908,22,4.886316188812679,0,0,0,0,0,0,0
2003,87.18123379083164,86,3.5047798414502256,0,0,0,0,0,0,0
1430,84.48875695853732,98,7.289751282701725,0,0,0,0,0,0,0
3160,79.57360771939194,56,8.45568545178893,0,0,0,0,0,0,0
930,84.81704866395107,91,7.437391837578333,0,0,0,0,0,0,0
3052,86.75393186274152,31,8.582211782860327,0,0,0,0,0,0,0
3406,77.64970126789247,32,8.062650912055414,0,0,0,0,0,0,0
2048,81.69084044770389,104,4.080155559279447,0,0,0,0,0,0,0
1498,86.95382068136237,74,5.892058098440234,0,0,0,0,0,0,0
1423,82.98911496740337,114,8.63642509212725,0,0,0,0,0,0,0
2684,87.68895848163241,81,4.277498500937368,0,0,0,0,0,0,0
1396,72.47728285012155,40,5.943196762044227,0,0,0,0,0,0,0
2707,78.21916160385891,100,6.677134833271332,0,0,0,0,0,0,0
2470,72.5313632718216,94,4.561027637964493,0,0,0,0,0,0,0
2821,82.32389071536632,26,6.375369188135561,0,0,0,0,0,0,0
838,87.45695148153195,115,7.0072294693568224,0,0,0,0,0,0,0
1891,70.98800925064188,49,4.809775381739608,0,0,0,0,0,0,0
2328,86.87887039683042,37,3.1926521980957467,0,0,0,0,0,0,0
809,84.51825133939268,65,3.5367500399324374,0,0,0,0,0,0,0
975,76.68733607581215,105,5.919065569096034,0,0,0,0,0,0,0
1154,84.35126163374208,44,3.4863530899051662,0,0,0,0,0,0,0
1633,71.47491496803157,44,6.260085195708225,0,0,0,0,0,0,0
1790,81.85958023416694,28,4.890452001810735,0,0,0,0,0,0,0
1542,84.97188037206762,29,8.494011126271701,0,0,0,0,0,0,0
1023,86.86236273374446,72,6.657132123208231,0,0,0,0,0,0,0
1810,73.81990375999294,115,3.5382079563339683,0,0,0,0,0,0,0
2914,74.76486520403161,42,5.554044659162002,0,0,0,0,0,0,0
1049,70.87610895919434,69,7.98191725576339,0,0,0,0,0,0,0
1951,79.70521735030965,61,8.570731704688267,0,0,0,0,0,0,0
1587,76.80214434046346,39,5.559537928056437,0,0,0,0,0,0,0
2093,84.18212348618124,39,2.8034475024041936,0,0,0,0,0,0,0
2849,71.73091235115554,84,2.694224429268647,0,0,0,0,0,0,0
1998,72.3363953039703,59,5.278387889843333,0,0,0,0,0,0,0
1049,70.45920631127774,113,8.06325638410487,0,0,0,0,0,0,0
2030,86.11668602341729,89,8.731480368000092,0,0,0,0,0,0,0
1883,81.55324458490115,65,7.917663534388785,0,0,0,0,0,0,0
1829,72.36481823066245,27,8.586427021175322,0,0,0,0,0,0,0
1921,89.61934852280329,54,7.472866390222253,0,0,0,0,0,0,0
1065,89.14887057773167,78,8.28137834450192,0,0,0,0,0,0,0
2606,83.95461609739348,89,4.770508442172174,0,0,0,0,0,0,0
1261,74.4027710884385,65,6.574795357285158,0,0,0,0,0,0,0
2485,84.86583545593726,28,8.413590715053488,0,0,0,0,0,0,0
1797,71.31659418177523,59,6.093044314864259,0,0,0,0,0,0,0
1801,80.94230731836173,83,2.640281600201285,0,0,0,0,0,0,0
1635,79.38476103051772,63,3.6861499664252304,0,0,0,0,0,0,0
1127,73.10488569050769,109,3.569726757065334,0,0,0,0,0,0,0
1099,84.83185935302537,40,2.9540837338045454,0,0,0,0,0,0,0
824,79.68796267843992,118,8.996437677182747,0,0,0,0,0,0,0
1192,74.60076704852364,60,7.381488022988393,0,0,0,0,0,0,0
946,70.88804811695157,45,2.7116790902880403,0,0,0,0,0,0,0
1975,80.35245269206926,104,8.83615475666264,0,0,0,0,0,0,0
883,78.05877784424331,25,8.436925715261935,0,0,0,0,0,0,0
2498,85.0418263823754,49,8.398289879863476,0,0,0,0,0,0,0
3325,89.94253188713466,100,2.598893943878277,0,0,0,0,0,0,0
2749,86.47025705953011,23,7.663038473227424,0,0,0,0,0,0,0
1203,71.39016298706987,52,6.110547299343399,0,0,0,0,0,0,0
3416,77.65167526470282,68,5.702423648405819,0,0,0,0,0,0,0
2803,74.44744962916202,38,8.010530931006098,0,0,0,0,0,0,0
2269,76.94518945756691,105,6.33912861735463,0,0,0,0,0,0,0
3174,79.67035331515198,54,6.012524509041766,0,0,0,0,0,0,0
1933,86.43493342860864,37,5.219779834887527,0,0,0,0,0,0,0
2742,70.3233741464959,61,4.9497769567887815,0,0,0,0,0,0,0
2808,81.06131839974059,112,7.167443174414838,0,0,0,0,0,0,0
2464,83.25920560930574,22,5.61956462199832,0,0,0,0,0,0,0
2580,75.52947066100562,75,3.198962369400258,0,0,0,0,0,0,0
1943,74.0201675631449,89,6.159530547724561,0,0,0,0,0,0,0
2023,76.5279521672111,61,7.195706344568471,0,0,0,0,0,0,0
2549,76.01007170174884,116,4.627127225970052,0,0,0,0,0,0,0
1737,85.79278039903969,107,4.317847530691994,0,0,0,0,0,0,0
3372,84.15544794734573,114,5.958692114809549,0,0,0,0,0,0,0
2420,75.38670164413816,41,5.582989423942498,0,0,0,0,0,0,0
2556,75.62211578988514,30,4.322483833886906,0,0,0,0,0,0,0
977,82.66152574223162,65,2.69609926011816,0,0,0,0,0,0,0
2605,85.41739794101203,115,4.747763391761278,0,0,0,0,0,0,0
1393,75.13116784398272,27,5.344476660099923,0,0,0,0,0,0,0
2177,76.56188618747197,70,8.811389309984191,0,0,0,0,0,0,0
1461,84.33451668302466,107,7.468186034355471,0,0,0,0,0,0,0
1659,85.86734346066739,86,3.1078372925404927,0,0,0,0,0,0,0
1154,83.74358551416346,44,7.696574501134294,0,0,0,0,0,0,0
1444,76.23831536811201,113,2.598395233871348,0,0,0,0,0,0,0
2134,73.6563512221978,40,5.462742538745552,0,0,0,0,0,0,0
964,84.69275849678225,22,6.794266638741847,0,0,0,0,0,0,0
2778,89.1971702731681,28,8.839431538671903,0,0,0,0,0,0,0
2199,78.19757040307903,50,8.357980007272488,0,0,0,0,0,0,0
3480,86.23222946975599,42,5.440997550435968,0,0,0,0,0,0,0
1441,79.63153532618747,28,5.073102497493415,0,0,0,0,0,0,0
1788,89.21231591594943,39,2.8539609840501527,0,0,0,0,0,0,0
1668,80.87104711441339,66,2.985618517871292,0,0,0,0,0,0,0
2250,79.8458898270742,116,5.606736274307348,0,0,0,0,0,0,0
1050,73.3042654362954,85,3.282172674477668,0,0,0,0,0,0,0
1735,73.94880909845716,28,8.430472064812596,0,0,0,0,0,0,0
2839,77.88625938377483,29,7.926718886865395,0,0,0,0,0,0,0
959,73.81678740995892,21,5.9987646914084864,0,0,0,0,0,0,0
2894,74.42171870273783,48,5.600027348542598,0,0,0,0,0,0,0
2394,81.832860985466,58,7.217569395811427,0,0,0,0,0,0,0
2357,88.66108081397672,92,8.726084840786557,0,0,0,0,0,0,0
2356,72.24884039319582,58,8.356010198771505,0,0,0,0,0,0,0
2199,80.79764853913787,85,2.7851890147842404,0,0,0,0,0,0,0
912,75.55735210319585,84,8.023914893618663,0,0,0,0,0,0,0
2418,72.72506765250142,36,5.890378623723435,0,0,0,0,0,0,0
3027,74.28705268140003,48,5.493315697974012,0,0,0,0,0,0,0
2990,71.19075126330137,59,7.825406056425772,0,0,0,0,0,0,0
1471,75.32177692170649,107,6.8832209627317855,0,0,0,0,0,0,0
1212,83.90243985860411,58,4.4547399813047575,0,0,0,0,0,0,0
1641,83.79766182001075,24,3.159661841076491,0,0,0,0,0,0,0
1170,89.59182971355476,75,3.616249592663374,0,0,0,0,0,0,0
2511,78.50320157162804,81,7.916039330018278,0,0,0,0,0,0,0
1744,71.92956772837228,119,6.656313829126343,0,0,0,0,0,0,0
1330,84.01093273929219,82,7.57854274484672,0,0,0,0,0,0,0
3384,89.82887207538352,63,4.399860471671167,0,0,0,0,0,0,0
2459,79.90799962700669,117,7.976986747409978,0,0,0,0,0,0,0
3203,79.62228643907888,112,8.491270746705975,0,0,0,0,0,0,0
3331,89.73547182190948,97,5.2303669172552425,0,0,0,0,0,0,0
1566,75.17821885994783,59,8.486156619068309,0,0,0,0,0,0,0
916,84.00315685026506,27,8.418175070748738,0,0,0,0,0,0,0
3277,75.56006208414533,118,7.934821094570143,0,0,0,0,0,0,0
2267,79.52752568933028,61,6.455592998118571,0,0,0,0,0,0,0
2282,80.88704570046976,81,3.948091436185921,0,0,0,0,0,0,0
1227,78.40414782967234,40,6.982303958057872,0,0,0,0,0,0,0
1097,82.2388922352969,20,5.238174056043729,0,0,0,0,0,0,0
2102,82.30596599095168,88,4.470847448432043,0,0,0,0,0,0,0
1251,75.40168653236039,39,8.237210518202398,0,0,0,0,0,0,0
2205,85.99980776405927,33,6.691707039463011,0,0,0,0,0,0,0
1480,76.66481029920517,95,7.573458636986874,0,0,0,0,0,0,0
978,81.9563531039834,34,3.186159872690292,0,0,0,0,0,0,0
2805,79.03318200083248,43,2.6519056317869723,0,0,0,0,0,0,0
2538,77.5107568721115,76,8.82436713039658,0,0,0,0,0,0,0
1503,72.28038598523723,44,4.658855619635771,0,0,0,0,0,0,0
1864,84.44610945329623,70,4.938866415928136,0,0,0,0,0,0,0
2545,75.92289627906248,55,8.877795286240143,0,0,0,0,0,0,0
3159,75.15460875622222,88,5.126297834946101,0,0,0,0,0,0,0
2022,70.10067478106492,112,2.5701832638714928,0,0,0,0,0,0,0
3362,75.24611218222408,91,3.5605565960628764,0,0,0,0,0,0,0
2448,74.83562344637467,33,8.089104053798826,0,0,0,0,0,0,0
3466,74.18750223330706,81,3.916385899812661,0,0,0,0,0,0,0
2299,77.64666546598455,44,2.9830980566924565,0,0,0,0,0,0,0
1766,77.88652490447112,80,5.337366192831679,0,0,0,0,0,0,0
3264,75.4196976109353,39,8.827713035196394,0,0,0,0,0,0,0
1127,71.16537400252346,104,8.774503591613326,0,0,0,0,0,0,0
2498,81.72183476561558,104,3.3387916962875623,0,0,0,0,0,0,0
3119,85.8461585120888,85,3.2879586285359803,0,0,0,0,0,0,0
3416,89.46620989615279,35,4.60964981425032,0,0,0,0,0,0,0
2893,74.36112224672733,24,4.124313322419939,0,0,0,0,0,0,0
1561,73.40014877543646,99,5.492096407037368,0,0,0,0,0,0,0
3326,85.98022005237294,118,3.6229643561212113,0,0,0,0,0,0,0
2519,84.29190445717568,118,8.661754462054564,0,0,0,0,0,0,0
2958,73.96345903408746,68,3.042129459336725,0,0,0,0,0,0,0
2460,72.07952223571368,38,8.910144040150882,0,0,0,0,0,0,0
1402,84.15043510202983,68,5.553294653328557,0,0,0,0,0,0,0
852,71.72019458553012,52,7.25958009866091,0,0,0,0,0,0,0
2063,86.8745728578087,90,2.659181274492162,0,0,0,0,0,0,0
3238,70.2799138043198,104,5.453849788997741,0,0,0,0,0,0,0
1514,80.80326738143765,38,8.768041154570042,0,0,0,0,0,0,0
1306,76.62105910042929,34,5.319153121259848,0,0,0,0,0,0,0
2211,76.86294220298049,65,6.880843759939033,0,0,0,0,0,0,0
3339,70.8730040142144,57,7.558950274956931,0,0,0,0,0,0,0
952,74.03624892874818,94,4.882287700800249,0,0,0,0,0,0,0
2167,83.17760478439722,45,5.675214733266962,0,0,0,0,0,0,0
1346,81.17725913106233,69,5.925550666650368,0,0,0,0,0,0,0
1433,82.04435762943451,94,5.9290046067052415,0,0,0,0,0,0,0
2008,80.1450468051226,27,8.122768202878387,0,0,0,0,0,0,0
1224,84.2792592478998,70,5.044250790717352,0,0,0,0,0,0,0
3239,81.65441958378315,20,8.196622965145231,0,0,0,0,0,0,0
3283,74.27157730531326,53,2.849730632204116,0,0,0,0,0,0,0
2802,83.98349277083192,55,6.67108418251385,0,0,0,0,0,0,0
3035,72.22190662656543,107,8.452422298888827,0,0,0,0,0,0,0
3489,70.8692483360345,82,3.845831874006638,0,0,0,0,0,0,0
895,82.2597377926769,31,6.476195553428812,0,0,0,0,0,0,0
1072,76.61805507354933,93,5.403137669544964,0,0,0,0,0,0,0
3482,85.66157222227437,85,3.995933455224741,0,0,0,0,0,0,0
1438,78.0455727837632,20,8.897047581686767,0,0,0,0,0,0,0
3066,83.53363531575002,83,3.719587322777594,0,0,0,0,0,0,0
3373,72.40171461207645,34,8.869560897601168,0,0,0,0,0,0,0
3101,87.11332702411487,104,6.488020353458719,0,0,0,0,0,0,0
1603,82.72261917422502,100,4.3569812928385865,0,0,0,0,0,0,0
1357,76.89073467810667,86,6.898878008012753,0,0,0,0,0,0,0
843,73.1650129247127,28,8.906752077626145,0,0,0,0,0,0,0
2106,84.05511054851716,26,5.535443135382772,0,0,0,0,0,0,0
3359,78.46125843243368,60,4.369941320574031,0,0,0,0,0,0,0
2428,86.29700377911706,69,6.417282900314843,0,0,0,0,0,0,0
890,87.36195262348029,50,2.5402511838772446,0,0,0,0,0,0,0
1644,88.70937786670902,98,4.041610117141948,0,0,0,0,0,0,0
1553,73.88889268914433,81,5.575023377091549,0,0,0,0,0,0,0
2995,89.74045625461343,105,4.880560555254954,0,0,0,0,0,0,0
2254,70.64147234006882,72,3.786961382785599,0,0,0,0,0,0,0
1608,87.9286710608135,113,5.291195718453821,0,0,0,0,0,0,0
3223,76.98130790444456,56,5.800639208005048,0,0,0,0,0,0,0
2239,78.49047808107228,114,2.9571228055076277,0,0,0,0,0,0,0
1487,77.36801006149679,87,7.481844340706688,0,0,0,0,0,0,0
3452,86.48397813953096,54,8.234925719998177,0,0,0,0,0,0,0
972,83.27119544852037,60,6.764308852137174,0,0,0,0,0,0,0
1831,86.41793062535052,71,5.271354165258012,0,0,0,0,0,0,0
1166,80.18059310061027,73,3.148291474623801,0,0,0,0,0,0,0
2396,89.91062363476316,65,5.5022149663091495,0,0,0,0,0,0,0
2429,76.52089784583896,40,8.370751478911293,0,0,0,0,0,0,0
1732,80.81551339611572,73,6.184181943944305,0,0,0,0,0,0,0
810,84.240846388795,20,8.18289178350158,0,0,0,0,0,0,0
2178,87.15475817506707,108,4.956501890393184,0,0,0,0,0,0,0
902,75.98261018839892,113,6.616094886176594,0,0,0,0,0,0,0
1810,88.57074815707179,36,3.3632122404669005,0,0,0,0,0,0,0
2699,85.95788263872844,108,6.1838686984608,0,0,0,0,0,0,0
1644,80.51244963446887,100,6.1662900762184485,0,0,0,0,0,0,0
1636,81.38841467449099,75,4.212244151189386,0,0,0,0,0,0,0
823,82.27467054863874,44,3.8344013598545823,0,0,0,0,0,0,0
3326,76.56214477497151,62,4.635467844534188,0,0,0,0,0,0,0
1362,87.42823148226819,52,8.085007169497906,0,0,0,0,0,0,0
3312,82.05061178764959,53,2.9668950473537814,0,0,0,0,0,0,0
1531,81.54871517787257,29,7.704762899584557,0,0,0,0,0,0,0
2197,82.03445024557949,95,3.9968878424331256,0,0,0,0,0,0,0
1183,88.99537483530986,70,2.9854694170528564,0,0,0,0,0,0,0
2348,72.36507371709654,48,5.102136588140551,0,0,0,0,0,0,0
2918,83.10691384542507,33,6.03022297186178,0,0,0,0,0,0,0
2813,86.11138530629565,48,6.776661292231562,0,0,0,0,0,0,0
1524,86.69859484963106,112,3.62090085807078,0,0,0,0,0,0,0
1064,81.77149899936698,50,4.248588048288726,0,0,0,0,0,0,0
1581,81.55129840810281,50,6.867458426679554,0,0,0,0,0,0,0
2521,82.97157475161121,80,7.650690250109811,0,0,0,0,0,0,0
2412,80.33269307808969,73,4.601574559459245,0,0,0,0,0,0,0
2705,85.82393964400127,32,6.146901807191515,0,0,0,0,0,0,0
3077,77.27850469595776,111,5.664342784941047,0,0,0,0,0,0,0
3235,74.51060269176436,59,2.719896151917762,0,0,0,0,0,0,0
3045,89.98977837529719,33,2.648953037602136,0,0,0,0,0,0,0
2490,82.43907319009094,90,6.53273780945445,0,0,0,0,0,0,0
1889,80.23168311049457,88,8.276396093782818,0,0,0,0,0,0,0
3048,82.79297806760263,102,6.5748036667206815,0,0,0,0,0,0,0
2262,75.2992270391477,119,6.480148038720195,0,0,0,0,0,0,0
3140,76.1575911630019,84,6.20292363399936,0,0,0,0,0,0,0
3140,80.25397641032006,32,4.073906392012754,0,0,0,0,0,0,0
3096,81.08915263975692,27,5.073009198873617,0,0,0,0,0,0,0
1269,88.84919200727433,54,8.684512568432014,0,0,0,0,0,0,0
2345,84.21445617206368,116,5.3304493939742965,0,0,0,0,0,0,0
1338,83.81201218320642,36,6.677746102607893,0,0,0,0,0,0,0
2231,89.80330390549263,112,2.517781065826437,0,0,0,0,0,0,0
2470,76.23170473812795,118,3.1650688474004056,0,0,0,0,0,0,0
2180,83.42591007438908,75,2.6767671664148827,0,0,0,0,0,0,0
2703,76.6579588994029,60,3.299238989144332,0,0,0,0,0,0,0
3144,75.24186869738583,105,5.8600856059106246,0,0,0,0,0,0,0
2512,78.66506010724551,94,7.906526999951971,0,0,0,0,0,0,0
2406,87.34707320654832,32,6.1138901540755946,0,0,0,0,0,0,0
2042,78.11715206000524,76,6.511237437338637,0,0,0,0,0,0,0
2739,70.27936775099163,90,8.299217344934561,0,0,0,0,0,0,0
1157,75.098567857365,66,7.514151609589078,0,0,0,0,0,0,0
3147,76.0392694337207,94,3.938896819400902,0,0,0,0,0,0,0
2695,73.51617247466292,92,5.614484296461802,0,0,0,0,0,0,0
2353,71.23942865450688,88,2.841904695652577,0,0,0,0,0,0,0
2257,83.83216983043866,115,5.93606003563264,0,0,0,0,0,0,0
2908,83.49227872661479,101,4.344855301936891,0,0,0,0,0,0,0
962,78.89235406546905,59,2.908819540052956,0,0,0,0,0,0,0
2864,77.74773224045899,44,3.9049412503769223,0,0,0,0,0,0,0
857,85.7592901858547,103,7.312564783859815,0,0,0,0,0,0,0
3349,73.33824311565488,110,8.454860020592818,0,0,0,0,0,0,0
2631,71.31131789684981,118,8.666270192507895,0,0,0,0,0,0,0
2690,85.85560517731038,41,3.0958507642769475,0,0,0,0,0,0,0
1620,88.45032635194602,61,3.915267376448721,0,0,0,0,0,0,0
3071,70.17034924862917,30,6.340793592772457,0,0,0,0,0,0,0
2952,74.03096949291724,71,3.715010963513703,0,0,0,0,0,0,0
1488,88.73717574303947,111,3.949436149090346,0,0,0,0,0,0,0
1521,75.03818461732328,47,3.618545009680908,0,0,0,0,0,0,0
2801,88.43830117486765,33,7.669123480485833,0,0,0,0,0,0,0
1612,71.200566520637,86,8.352039731259277,0,0,0,0,0,0,0
1158,73.6947877402061,53,5.285697740926077,0,0,0,0,0,0,0
1641,77.36264818282041,23,3.1761911168709203,0,0,0,0,0,0,0
1221,74.71497427652658,92,7.355824600435465,0,0,0,0,0,0,0
2461,72.34350577467687,67,4.901008985166371,0,0,0,0,0,0,0
1519,79.25134057947295,119,4.600741211818221,0,0,0,0,0,0,0
3382,71.51580313733571,107,7.03937209689713,0,0,0,0,0,0,0
2268,85.48467579075164,94,5.462223949021768,0,0,0,0,0,0,0
1391,88.31655612113641,61,8.97606288285495,0,0,0,0,0,0,0
2726,81.11233771181499,38,4.816477801269146,0,0,0,0,0,0,0
2820,73.00381829279671,85,7.153304523153111,0,0,0,0,0,0,0
2756,81.33996498035486,92,7.337990356694464,0,0,0,0,0,0,0
1626,84.21776651821804,50,3.8008773898072272,0,0,0,0,0,0,0
3103,76.09535985770397,80,7.380425376014703,0,0,0,0,0,0,0
1784,74.58111484676445,93,4.69335258190959,0,0,0,0,0,0,0
1930,76.83296755380692,75,4.82199626231165,0,0,0,0,0,0,0
1746,80.34067038735073,76,8.312513181282267,0,0,0,0,0,0,0
2647,87.19610290669931,30,4.021630061715415,0,0,0,0,0,0,0
2954,79.56021522315184,31,6.114663362361803,0,0,0,0,0,0,0
3092,71.95394184141455,90,4.802608916318782,0,0,0,0,0,0,0
1663,80.02403341395288,94,5.298380091342418,0,0,0,0,0,0,0
2884,73.80865608310972,91,6.860040849309523,0,0,0,0,0,0,0
1887,81.91462805078515,95,4.014041257768268,0,0,0,0,0,0,0
2143,73.31570156769327,30,4.970465421504197,0,0,0,0,0,0,0
1619,80.63683383217653,106,5.779479878706688,0,0,0,0,0,0,0
2868,81.96216690807334,93,5.120466656765478,0,0,0,0,0,0,0
1059,84.39351730888771,42,8.215935318578442,0,0,0,0,0,0,0
1651,71.0092195769036,72,7.240089919656322,0,0,0,0,0,0,0
3080,75.57206739285344,77,8.447073721508307,0,0,0,0,0,0,0
3287,87.97363968884554,86,5.568960097289501,0,0,0,0,0,0,0
965,87.42100185955321,52,5.395413207441316,0,0,0,0,0,0,0
1427,89.8366784089718,36,8.364773416502501,0,0,0,0,0,0,0
2909,83.3985830192986,21,8.491828181579251,0,0,0,0,0,0,0
2280,74.89856271092178,102,3.300626993034278,0,0,0,0,0,0,0
882,86.06447167974278,43,5.763523318151435,0,0,0,0,0,0,0
2769,78.5971475551698,89,6.570945244840656,0,0,0,0,0,0,0
1326,75.46385603827821,59,2.92345199564112,0,0,0,0,0,0,0
1778,84.20264820105517,102,8.140557576045484,0,0,0,0,0,0,0
1684,86.1242938271925,62,7.798047602775991,0,0,0,0,0,0,0
1093,88.45949221065688,51,4.780938243584775,0,0,0,0,0,0,0
1855,74.58119829387037,58,3.121588489169189,0,0,0,0,0,0,0
3350,81.8349687413591,77,3.6616704179670543,0,0,0,0,0,0,0
1056,71.75468643224092,46,6.0499496234824495,0,0,0,0,0,0,0
1435,80.4063666364103,83,2.7735087554640816,0,0,0,0,0,0,0
2878,73.10523557319468,113,4.570875380108061,0,0,0,0,0,0,0
892,73.18362894453868,23,4.506633013850526,0,0,0,0,0,0,0
3455,78.50899867685818,90,4.906746245368238,0,0,0,0,0,0,0
2018,86.34556171038689,42,2.692842605930034,0,0,0,0,0,0,0
2926,85.49454365395059,66,4.791748804918372,0,0,0,0,0,0,0
2267,84.80330668365666,56,8.386963959960529,0,0,0,0,0,0,0
981,79.06769920911795,99,6.916404458798869,0,0,0,0,0,0,0
2645,75.40739608382208,52,2.5764455802397235,0,0,0,0,0,0,0
2598,86.49882832278402,63,7.676480249488385,0,0,0,0,0,0,0
820,72.98958358841237,118,5.132485488660191,0,0,0,0,0,0,0
3484,85.02028860807752,84,7.423102531009397,0,0,0,0,0,0,0
3135,82.78792805854766,43,3.373873732681701,0,0,0,0,0,0,0
2219,89.09282954927306,84,5.705361745945531,0,0,0,0,0,0,0
1775,74.06847407557082,22,5.95457383838718,0,0,0,0,0,0,0
1977,81.31400833837178,94,7.583950500066225,0,0,0,0,0,0,0
2786,83.0036904957183,68,8.382055842788617,0,0,0,0,0,0,0
2461,79.46122054920554,53,6.346867064344414,0,0,0,0,0,0,0
3231,78.24191431079629,45,7.919912827081425,0,0,0,0,0,0,0
1275,87.14922684882077,44,4.39064628717333,0,0,0,0,0,0,0
3014,81.92071984801284,80,8.863470896933393,0,0,0,0,0,0,0
2773,88.36385037387302,60,4.362472862604809,0,0,0,0,0,0,0
2120,74.00456000569234,83,8.761833792710718,0,0,0,0,0,0,0
3016,70.22706147833156,87,5.188181324202865,0,0,0,0,0,0,0
2034,77.85666032163591,32,5.495950009281392,0,0,0,0,0,0,0
1023,82.91357377083301,38,6.164481982178717,0,0,0,0,0,0,0
3263,83.73239138309951,20,7.703801215440409,0,0,0,0,0,0,0
1443,79.27264516395743,118,7.260300962779817,0,0,0,0,0,0,0
2561,83.66139205093553,76,6.299666507022423,0,0,0,0,0,0,0
1242,71.61725825575927,66,6.949080249795214,0,0,0,0,0,0,0
3141,89.09104263658972,54,8.012915767520518,0,0,0,0,0,0,0
1618,79.36427264729427,22,4.742043927438553,0,0,0,0,0,0,0
2669,81.29761950392815,101,6.588056986193377,0,0,0,0,0,0,0
2119,86.36135121196823,111,8.922419104523382,0,0,0,0,0,0,0
849,70.34413921622979,100,3.1901132249392274,0,0,0,0,0,0,0
3178,89.38883538732496,57,7.809890683786121,0,0,0,0,0,0,0
3399,81.63256309368569,92,3.074191423866385,0,0,0,0,0,0,0
2530,76.16468271717126,77,4.824144119600635,0,0,0,0,0,0,0
1722,75.86062275951763,56,8.330738661158751,0,0,0,0,0,0,0
965,75.09907172062421,24,5.992760403315343,0,0,0,0,0,0,0
2928,78.43662275244122,41,7.5687116112715485,0,0,0,0,0,0,0
1812,78.7926207292781,54,3.9065989552495166,0,0,0,0,0,0,0
2983,78.23397248657191,21,8.43752294312413,0,0,0,0,0,0,0
1710,74.30247543326578,73,8.24273436916964,0,0,0,0,0,0,0
3097,72.5811488569136,68,2.7685203077966265,0,0,0,0,0,0,0
2148,85.93638797040482,34,3.6019203812130725,0,0,0,0,0,0,0
2676,80.54271187929312,43,7.273891972548047,0,0,0,0,0,0,0
1904,80.31395153105792,69,8.477803408468935,0,0,0,0,0,0,0
1201,81.89338590459816,88,7.944545791154898,0,0,0,0,0,0,0
2577,86.72129447022247,81,5.8618726523702085,0,0,0,0,0,0,0
3272,87.4988788398108,52,7.142973358701713,0,0,0,0,0,0,0
1175,77.94515047552707,58,4.436040047194459,0,0,0,0,0,0,0
1944,72.26601754040148,30,5.071278472304403,0,0,0,0,0,0,0
2250,89.70760478599088,62,3.833134727185653,0,0,0,0,0,0,0
2293,78.3224923876552,116,4.921949750749149,0,0,0,0,0,0,0
3282,86.87072635126955,59,6.934412191619876,0,0,0,0,0,0,0
1296,81.98299262622105,66,3.888343451800649,0,0,0,0,0,0,0
2368,71.8500330324599,90,8.513658018989851,0,0,0,0,0,0,0
2436,89.9086304096986,88,7.224028804434924,0,0,0,0,0,0,0
1051,84.04609491917024,71,3.935610034457316,0,0,0,0,0,0,0
2563,80.39981227789158,99,6.848223772567738,0,0,0,0,0,0,0
2822,81.55556958829322,34,2.55103643700672,0,0,0,0,0,0,0
1232,82.12604111527027,61,5.541207974051436,0,0,0,0,0,0,0
820,76.87175670091175,29,8.195932994163229,0,0,0,0,0,0,0
1777,77.31587041586437,72,5.962039419585702,0,0,0,0,0,0,0
2827,89.28564998276192,63,5.86043132926513,0,0,0,0,0,0,0
2401,75.97270238852313,40,4.739925123086406,0,0,0,0,0,0,0
2363,84.55186226258897,52,3.057622125317767,0,0,0,0,0,0,0
1349,87.58091615572054,64,8.260141919712787,0,0,0,0,0,0,0
2992,72.58501848397925,62,4.148912853378151,0,0,0,0,0,0,0
2158,79.24421286963178,66,8.02899908991423,0,0,0,0,0,0,0
2109,73.58086248594488,37,7.403427957707049,0,0,0,0,0,0,0
3133,79.30425391688536,26,8.757854234072694,0,0,0,0,0,0,0
2171,74.72122507049232,25,8.505684830090757,0,0,0,0,0,0,0
1090,87.41745195345041,53,8.835153514803224,0,0,0,0,0,0,0
3237,76.61530487135602,51,4.929263792988153,0,0,0,0,0,0,0
2608,73.01243727789772,50,5.215125219444045,0,0,0,0,0,0,0
2632,86.68285323044967,81,7.637437418721471,0,0,0,0,0,0,0
1862,78.9124400258688,23,5.942260786916318,0,0,0,0,0,0,0
1024,79.38772528081672,88,2.8391930835105272,0,0,0,0,0,0,0
1941,76.12504260408694,33,7.357494027405875,0,0,0,0,0,0,0
1268,75.30930094727698,27,8.44286202379411,0,0,0,0,0,0,0
1388,83.03471592763029,111,3.4916355444253058,0,0,0,0,0,0,0
3490,75.59243646769738,92,4.281855512808477,0,0,0,0,0,0,0
1057,86.84585374794682,55,8.10649014276452,0,0,0,0,0,0,0
1941,79.25253305466671,60,7.450231315709404,0,0,0,0,0,0,0
1080,75.60308208666054,23,7.22904259767024,0,0,0,0,0,0,0
3195,74.2260668455132,94,4.713352116283886,0,0,0,0,0,0,0
1145,72.90128420306415,87,4.2548825846219,0,0,0,0,0,0,0
2287,82.21390865176406,32,7.6303154698898386,0,0,0,0,0,0,0
1633,80.48629190367323,62,4.896768576359619,0,0,0,0,0,0,0
3413,74.2014434675691,119,6.308424372374549,0,0,0,0,0,0,0
1102,76.07700929356952,105,7.826738200629481,0,0,0,0,0,0,0
1503,71.08081897325118,33,5.062833334559989,0,0,0,0,0,0,0
2468,73.84918628713889,85,5.595672940552739,0,0,0,0,0,0,0
2098,88.6202346114656,79,5.926829248519043,0,0,0,0,0,0,0
3196,83.49715965927892,30,8.76612099954096,0,0,0,0,0,0,0
3222,73.51850743069937,81,7.7019414054861635,0,0,0,0,0,0,0
3244,70.22045175105656,57,8.406117780512332,0,0,0,0,0,0,0
2067,83.57486778486829,95,7.103764708331085,0,0,0,0,0,0,0
2805,80.35183360223515,21,8.11742914471612,0,0,0,0,0,0,0
2781,75.12579731835775,81,7.156399908059014,0,0,0,0,0,0,0
1184,71.77967095806993,113,5.003239739136744,0,0,0,0,0,0,0
812,88.51096878072633,47,7.106517781969727,0,0,0,0,0,0,0
2988,85.48665501840959,68,5.437307818184598,0,0,0,0,0,0,0
1783,85.71282983512809,100,5.562357387237807,0,0,0,0,0,0,0
1194,85.71035234326179,119,5.400320676663663,0,0,0,0,0,0,0
1854,72.2487875711975,51,6.557801005479831,0,0,0,0,0,0,0
2041,78.13193504457092,48,6.261477878152185,0,0,0,0,0,0,0
2510,87.46238522156543,87,7.050684096727311,0,0,0,0,0,0,0
1052,70.06213237506199,38,2.9098664360559137,0,0,0,0,0,0,0
1252,82.21979928853094,40,7.159276597500043,0,0,0,0,0,0,0
1673,81.065023082489,24,4.872410159664489,0,0,0,0,0,0,0
3001,86.2282817243764,53,5.969550658235855,0,0,0,0,0,0,0
3094,75.83878934575824,114,3.9192790664836017,0,0,0,0,0,0,0
1720,79.78404351940543,70,4.627584891450894,0,0,0,0,0,0,0
2912,88.16606783332963,66,8.29023346393304,0,0,0,0,0,0,0
1200,72.88909962119949,44,3.4510203960283765,0,0,0,0,0,0,0
1501,73.84558016655552,106,3.4211743053426225,0,0,0,0,0,0,0
1625,70.76580323331535,33,8.684524032809621,0,0,0,0,0,0,0
2437,81.29874413794067,87,5.413617701317348,0,0,0,0,0,0,0
2766,70.42837843583158,84,8.638933728157475,0,0,0,0,0,0,0
918,84.86675012271739,56,5.5852130919879865,0,0,0,0,0,0,0
2563,71.69733207366883,96,3.836292800711034,0,0,0,0,0,0,0
2806,84.39163627772584,108,4.1332530424735605,0,0,0,0,0,0,0
1148,72.9987079890469,95,5.680201865661397,0,0,0,0,0,0,0
1831,89.30001848177706,88,3.367320245210585,0,0,0,0,0,0,0
2643,75.03090494034001,104,3.1741362368153427,0,0,0,0,0,0,0
3363,89.53928455672178,59,4.715770714285573,0,0,0,0,0,0,0
2730,89.85287464416797,67,6.1921960670522544,0,0,0,0,0,0,0
1187,87.31613238538709,49,5.598236971542568,0,0,0,0,0,0,0
3373,82.35979578529191,20,7.25338616795606,0,0,0,0,0,0,0
1067,89.34695174434529,27,6.508952976035833,0,0,0,0,0,0,0
1280,77.36834767862366,71,4.48859688741447,0,0,0,0,0,0,0
2968,78.32256790819939,94,4.337636376511762,0,0,0,0,0,0,0
1521,77.23780267440515,89,2.8898337541308954,0,0,0,0,0,0,0
2958,81.84195809035428,105,7.839236570737266,0,0,0,0,0,0,0
906,84.06571097556585,22,3.967774174094946,0,0,0,0,0,0,0
1744,86.03714801750513,64,8.999112501337605,0,0,0,0,0,0,0
2857,85.57942972253394,85,7.852353221144777,0,0,0,0,0,0,0
1453,78.84079087952227,58,6.839545769259531,0,0,0,0,0,0,0
1362,75.8999057852736,84,4.687452309470568,0,0,0,0,0,0,0
2596,89.39075597251775,34,7.932183770419312,0,0,0,0,0,0,0
1842,71.13078837330093,87,6.156481366712844,0,0,0,0,0,0,0
2402,71.66679894596234,20,5.899564326728719,0,0,0,0,0,0,0
3389,81.31504410769996,71,8.651040590123468,0,0,0,0,0,0,0
2475,86.0975936910621,47,6.889392692034204,0,0,0,0,0,0,0
3468,71.0487299836427,105,3.6325778563256166,0,0,0,0,0,0,0
1250,70.87262109734593,111,8.981291539373544,0,0,0,0,0,0,0
2111,86.14158864371805,27,4.062754079220381,0,0,0,0,0,0,0
826,80.57146126314078,113,5.875101083640101,0,0,0,0,0,0,0
2543,76.44325393572277,27,2.70944136302053,0,0,0,0,0,0,0
2122,76.09725420473839,46,7.344131202471667,0,0,0,0,0,0,0
1855,79.73666940348357,99,5.3060316443010045,0,0,0,0,0,0,0
3371,77.49396282584254,88,2.586930019069896,0,0,0,0,0,0,0
1224,83.34383359955743,73,3.32794698316808,0,0,0,0,0,0,0
1952,70.04907502248173,23,8.419179236069972,0,0,0,0,0,0,0
3039,82.14453985712561,86,4.121559226062727,0,0,0,0,0,0,0
980,89.64755640515529,39,3.8695101248231065,0,0,0,0,0,0,0
1549,82.64579539699952,65,5.843669231141915,0,0,0,0,0,0,0
2530,74.38683673791974,38,5.542979504899948,0,0,0,0,0,0,0
3234,72.17408390512396,33,4.809404247070067,0,0,0,0,0,0,0
1717,78.75901452394407,119,4.586787834158589,0,0,0,0,0,0,0
1753,88.13104646913763,25,4.888904764838777,0,0,0,0,0,0,0
3098,83.42279406728085,81,6.150942546666762,0,0,0,0,0,0,0
2057,79.22912451901999,36,3.5067300745500805,0,0,0,0,0,0,0
3251,88.76812479591268,45,5.746026262204493,0,0,0,0,0,0,0
3434,81.5570494982788,42,4.333855941462431,0,0,0,0,0,0,0
2145,87.55611415364768,57,5.739292578961071,0,0,0,0,0,0,0
1144,71.82543397045723,65,4.8285039229862345,0,0,0,0,0,0,0
1830,76.10293266364677,59,7.195080830644756,0,0,0,0,0,0,0
2877,89.88004998632253,41,3.201556353043149,0,0,0,0,0,0,0
801,82.17277426324294,117,4.081292094279561,0,0,0,0,0,0,0
2680,71.51646738413166,67,6.983874572669948,0,0,0,0,0,0,0
2162,76.7315481872375,56,4.9364969478856295,0,0,0,0,0,0,0
1733,81.36559696758083,65,3.6203504410618352,0,0,0,0,0,0,0
2258,82.59043647558775,108,4.985450579666392,0,0,0,0,0,0,0
2691,74.786681132497,98,3.6089808341924288,0,0,0,0,0,0,0
993,87.72739559780109,64,8.474277930246089,0,0,0,0,0,0,0
3464,84.29264299829657,21,5.923938533942208,0,0,0,0,0,0,0
932,77.80695337934672,52,5.714891480887468,0,0,0,0,0,0,0
2090,88.90793273187947,21,2.585173331687093,0,0,0,0,0,0,0
1434,86.73510786072038,51,4.370956893782465,0,0,0,0,0,0,0
829,78.35742340301809,104,6.143482964111708,0,0,0,0,0,0,0
1622,85.21552817490517,81,8.357518442970918,0,0,0,0,0,0,0
1689,89.4924466080078,66,4.106475126452814,0,0,0,0,0,0,0
1801,82.20537325724872,103,5.216862659403521,0,0,0,0,0,0,0
1619,70.26159393133486,91,7.878227625985567,0,0,0,0,0,0,0
2511,88.04723046788897,48,8.691857432928607,0,0,0,0,0,0,0
903,86.3901206296074,29,3.0594129709031064,0,0,0,0,0,0,0
2659,73.71175871836844,27,7.408864732543551,0,0,0,0,0,0,0
806,86.07342791560855,104,5.511883759674712,0,0,0,0,0,0,0
2331,76.09266064712321,58,2.764657393936357,0,0,0,0,0,0,0
2773,70.72154360125738,23,4.017860576172005,0,0,0,0,0,0,0
2295,84.33538196297074,66,8.204289139361773,0,0,0,0,0,0,0
2074,87.16735954808934,104,6.642487002944353,0,0,0,0,0,0,0
2737,77.15593416609975,50,8.326413092160797,0,0,0,0,0,0,0
2040,78.96888166161014,54,3.746509046592862,0,0,0,0,0,0,0
2623,70.73552366305876,119,6.893918168639602,0,0,0,0,0,0,0
2590,73.62725867563304,34,8.055604989651467,0,0,0,0,0,0,0
1831,71.5686983956978,65,7.877271798407446,0,0,0,0,0,0,0
1007,87.06207065290423,119,7.577331189289528,0,0,0,0,0,0,0
829,83.01486565776946,45,8.880603367233617,0,0,0,0,0,0,0
2655,87.58935651534837,42,4.010507346959516,0,0,0,0,0,0,0
1321,78.94798466720378,62,6.553369295978015,0,0,0,0,0,0,0
2092,81.11414952415899,112,8.869999266394746,0,0,0,0,0,0,0
2358,83.53195930391536,86,8.15791898984958,0,0,0,0,0,0,0
3159,88.99827248270928,70,5.177907666862286,0,0,0,0,0,0,0
3052,85.10164198138537,28,7.492634908638968,0,0,0,0,0,0,0
3453,72.86366002114795,22,7.283020981527736,0,0,0,0,0,0,0
922,89.78151938259859,98,8.706403080796601,0,0,0,0,0,0,0
1766,83.81901256362114,62,5.115932357279772,0,0,0,0,0,0,0
846,87.29937739991308,32,3.395521073885478,0,0,0,0,0,0,0
1570,76.41403726835458,24,8.971631877559176,0,0,0,0,0,0,0
2599,85.57738720991823,98,8.383242319450279,0,0,0,0,0,0,0
2893,71.94043137499357,41,3.3679548630307785,0,0,0,0,0,0,0
2862,78.60784266833328,102,8.819401483667079,0,0,0,0,0,0,0
2220,76.0701304730536,29,6.512507808728564,0,0,0,0,0,0,0
2429,89.16577895855595,75,3.055471561105688,0,0,0,0,0,0,0
1304,74.9858879411067,52,4.609875673875875,0,0,0,0,0,0,0
1523,83.6971793204431,40,5.89115674124522,0,0,0,0,0,0,0
1905,73.16328472401898,26,5.412827988036317,0,0,0,0,0,0,0
1555,80.38148839003017,54,7.518124478083857,0,0,0,0,0,0,0
1303,85.15800105364066,27,7.882275010258223,0,0,0,0,0,0,0
2441,72.01317606446315,91,4.142497647732941,0,0,0,0,0,0,0
1446,79.3478177043981,104,3.370087000839161,0,0,0,0,0,0,0
934,70.24409806529242,49,8.362814661718524,0,0,0,0,0,0,0
1973,87.86198628283927,26,4.322422959411217,0,0,0,0,0,0,0
2527,81.33228559930726,82,3.8707537208090494,0,0,0,0,0,0,0
2214,84.31502216795822,103,5.43547954002024,0,0,0,0,0,0,0
1632,73.91971287844923,71,7.851766279284382,0,0,0,0,0,0,0
1769,87.46805518637088,41,3.284634597967031,0,0,0,0,0,0,0
1225,71.82365429532429,50,8.999164449911905,0,0,0,0,0,0,0
2591,75.41679666887961,48,4.439473976185181,0,0,0,0,0,0,0
1268,85.46290684135934,31,6.553326020899766,0,0,0,0,0,0,0
2239,89.09356824199466,98,7.687990238628204,0,0,0,0,0,0,0
1403,81.67823226605898,59,4.109070590139041,0,0,0,0,0,0,0
1517,79.68072205183132,72,8.683341993304328,0,0,0,0,0,0,0
2321,84.99063619836171,106,5.9545115661612185,0,0,0,0,0,0,0
942,71.14961854588387,72,3.4896030892203904,0,0,0,0,0,0,0
2405,80.0754369105983,47,2.9392169674504816,0,0,0,0,0,0,0
2893,75.10734696501598,64,5.656873908339583,0,0,0,0,0,0,0
1060,86.46493053431986,20,3.844705719708678,0,0,0,0,0,0,0
3457,87.1603024118085,71,5.299826436797852,0,0,0,0,0,0,0
1116,86.89768770814074,95,4.182364174954464,0,0,0,0,0,0,0
3242,81.12720731896499,81,7.944088233974984,0,0,0,0,0,0,0
2577,82.59089263099324,52,3.27747727137277,0,0,0,0,0,0,0
1025,75.56211396595705,94,5.293100867717252,0,0,0,0,0,0,0
2839,86.64207174863418,37,7.205155352856554,0,0,0,0,0,0,0
1366,84.12457778047911,59,7.904455080836403,0,0,0,0,0,0,0
2327,75.4344951324838,74,4.445634470858234,0,0,0,0,0,0,0
3291,77.17829556079592,63,6.370034933300766,0,0,0,0,0,0,0
1016,78.69640247319359,43,7.631985198133649,0,0,0,0,0,0,0
2076,89.21575688916336,36,2.8203180848501006,0,0,0,0,0,0,0
1612,73.1129232181119,60,8.393993379740904,0,0,0,0,0,0,0
1091,85.24360764654924,62,3.0652990032875698,0,0,0,0,0,0,0
3123,77.44995287783303,93,6.194380917527887,0,0,0,0,0,0,0
3270,75.67236710942092,20,6.41524452157189,0,0,0,0,0,0,0
2634,82.50657978424667,64,7.395322470361282,0,0,0,0,0,0,0
2800,89.57013799500967,34,6.283428750702351,0,0,0,0,0,0,0
2058,77.91406248226403,28,4.237728291759117,0,0,0,0,0,0,0
2354,85.67374806626462,105,7.803519526202698,0,0,0,0,0,0,0
2661,74.77845505004547,103,5.137153017822998,0,0,0,0,0,0,0
3103,89.59629061378126,33,5.661573514053326,0,0,0,0,0,0,0
1686,89.4240874618969,77,6.769376127916058,0,0,0,0,0,0,0
2076,75.42940153790202,57,6.339404558666444,0,0,0,0,0,0,0
3087,84.35418806756358,114,4.943049357517102,0,0,0,0,0,0,0
2353,79.74907590387127,34,6.171961186847492,0,0,0,0,0,0,0
3133,70.05143775334166,87,5.496832212861124,0,0,0,0,0,0,0
1862,75.52343256120423,68,7.126576923398241,0,0,0,0,0,0,0
3351,74.80965520943509,65,7.941714431016386,0,0,0,0,0,0,0
1794,70.7783775945011,119,2.9440307563507515,0,0,0,0,0,0,0
1653,84.86165687825077,88,2.5327250105290924,0,0,0,0,0,0,0
1813,86.10294952166029,36,3.165105646016665,0,0,0,0,0,0,0
1386,75.07275742073207,62,7.344504440721651,0,0,0,0,0,0,0
2305,70.89331656110276,46,8.474689127757877,0,0,0,0,0,0,0
826,83.20615588344117,22,2.598861090722492,0,0,0,0,0,0,0
847,74.20461423017335,105,3.3437684761543185,0,0,0,0,0,0,0
1088,80.10883128208522,73,6.333050775522231,0,0,0,0,0,0,0
1171,83.6073951210956,54,6.294373801342647,0,0,0,0,0,0,0
1597,75.53257418190674,38,4.456396981404271,0,0,0,0,0,0,0
2153,77.75238991270916,94,2.614674575353478,0,0,0,0,0,0,0
2234,80.09611934536127,56,4.627436214490393,0,0,0,0,0,0,0
1016,70.98538958201317,55,5.166184991427836,0,0,0,0,0,0,0
1102,73.22192921218532,90,8.972721667925882,0,0,0,0,0,0,0
1742,75.91302603776789,43,5.556786614140792,0,0,0,0,0,0,0
3242,86.2593659513553,92,5.694479824772502,0,0,0,0,0,0,0
2336,75.31741733067409,88,5.912707450262719,0,0,0,0,0,0,0
1584,70.87419361499819,58,4.385480433202856,0,0,0,0,0,0,0
1742,88.54429498635466,80,3.1309683376970625,0,0,0,0,0,0,0
1986,77.47639545780098,66,3.690322213739276,0,0,0,0,0,0,0
3041,74.02838022326667,34,3.739015941782804,0,0,0,0,0,0,0
3193,86.47002584460277,85,2.911252913043072,0,0,0,0,0,0,0
1100,87.41468479449037,24,8.544151595112858,0,0,0,0,0,0,0
1124,76.51612961297329,46,3.6150081539362633,0,0,0,0,0,0,0
2713,76.42578068781783,60,5.021923626884671,0,0,0,0,0,0,0
3407,73.85132401242235,42,8.384996008546267,0,0,0,0,0,0,0
883,87.70966239846133,42,3.3967989880104543,0,0,0,0,0,0,0
1647,89.00178333719123,116,2.9173950623469045,0,0,0,0,0,0,0
2137,81.15515610673717,41,7.341248150289111,0,0,0,0,0,0,0
2410,89.88691959317262,114,4.401830445857632,0,0,0,0,0,0,0
892,80.38357508078832,97,5.538790431051217,0,0,0,0,0,0,0
3368,72.14137591414742,47,5.835530594695641,0,0,0,0,0,0,0
2465,81.98150551334534,72,2.9401843625224564,0,0,0,0,0,0,0
1209,80.09369953988839,115,7.822364239729926,0,0,0,0,0,0,0
862,79.54181429120372,26,5.637671169399891,0,0,0,0,0,0,0
3247,82.745544893534,88,4.761373911631813,0,0,0,0,0,0,0
2617,86.19351101601315,61,3.9932128161627496,0,0,0,0,0,0,0
2449,73.7878253633226,45,2.94380448703461,0,0,0,0,0,0,0
927,74.556040236721,68,5.725807986135909,0,0,0,0,0,0,0
2452,89.68577496329308,58,8.91566028753882,0,0,0,0,0,0,0
2206,75.62979221130678,79,4.93209405994442,0,0,0,0,0,0,0
1452,87.42323864669693,93,8.261470119830452,0,0,0,0,0,0,0
2850,82.264137401954,82,6.844704650011185,0,0,0,0,0,0,0
1318,81.43930391293465,118,3.181391219477369,0,0,0,0,0,0,0
2835,82.21451795007162,52,8.221072570734123,0,0,0,0,0,0,0
2666,81.50564502232787,71,8.241005462591499,0,0,0,0,0,0,0
2241,70.76347210273835,28,3.5461442581158638,0,0,0,0,0,0,0
1669,77.99491303457452,70,4.46328083386222,0,0,0,0,0,0,0
2848,84.07003867278395,56,6.459203091680643,0,0,0,0,0,0,0
2672,85.98427736360475,25,4.680714793129026,0,0,0,0,0,0,0
1653,72.12492406752975,68,4.947365538124547,0,0,0,0,0,0,0
1944,83.68502208900588,96,4.491529001632666,0,0,0,0,0,0,0
1879,84.03580947429037,24,4.983754267572079,0,0,0,0,0,0,0
1040,70.22935808051919,109,3.1235525034353318,0,0,0,0,0,0,0
1923,78.37408427866058,104,7.348797167254813,0,0,0,0,0,0,0
2891,82.15262851131894,104,6.46010422183464,0,0,0,0,0,0,0
3129,70.10431385137943,111,2.749429359604315,0,0,0,0,0,0,0
2725,72.00602464222524,27,7.031698150629861,0,0,0,0,0,0,0
2245,84.14741094028291,24,8.817340621772228,0,0,0,0,0,0,0
2181,79.89167078890242,34,8.377731662097805,0,0,0,0,0,0,0
2197,80.35358646984852,25,3.418145969936827,0,0,0,0,0,0,0
2823,82.5572088530788,37,4.125153391670019,0,0,0,0,0,0,0
1936,70.48966508786556,106,6.48383112943619,0,0,0,0,0,0,0
3313,82.8071190751191,20,3.830034688564832,0,0,0,0,0,0,0
2816,82.34082176690397,117,3.706239130271831,0,0,0,0,0,0,0
2512,88.51993487948164,54,3.46757063823077,0,0,0,0,0,0,0
2385,78.18140219417543,113,2.7366017902257,0,0,0,0,0,0,0
3046,84.34765571961837,30,7.628012995065949,0,0,0,0,0,0,0
2739,70.14456545153618,20,5.776760743021585,0,0,0,0,0,0,0
3369,72.475357071442,27,4.975137013145754,0,0,0,0,0,0,0
3225,73.87226950177606,43,6.923965466459556,0,0,0,0,0,0,0
1286,83.82179518817169,89,5.647069965386897,0,0,0,0,0,0,0
2319,89.68025538560751,76,5.376313672802359,0,0,0,0,0,0,0
3434,72.04379918810676,92,6.864502651217488,0,0,0,0,0,0,0
2601,73.52980802054023,40,7.887372152673469,0,0,0,0,0,0,0
2370,75.27984447407674,68,6.308584690762069,0,0,0,0,0,0,0
3477,74.78179768002202,32,8.516448603211558,0,0,0,0,0,0,0
5531,86.71471172159808,49,6.227152076048037,1,0,0,0,0,0,0
1530,62.83548099177779,39,6.893630657146153,0,0,0,0,0,1,0
3465,73.41565459721302,40,17.02158463891622,0,0,0,1,0,0,0
1868,115.62200337286512,60,5.20372314024764,0,1,0,0,0,0,0
1495,67.52092515237962,36,6.977178535082304,0,0,0,0,0,1,0
1699,113.17850299582274,52,7.869732987777261,0,1,0,0,0,0,0
3139,83.13642082902136,44,1.2166797915750327,0,0,0,0,1,0,0
4797,82.26307301591251,95,3.542766037257202,1,0,0,0,0,0,0
1262,64.74661435614091,46,3.5674720297969778,0,0,0,0,0,1,0
3063,84.53642947925374,99,1.9369287447094163,0,0,0,0,0,0,1
2742,78.279267196107,80,1.0528195296624507,0,0,0,0,0,0,1
1367,104.25150145237669,102,6.533059532522565,0,1,0,0,0,0,0
823,67.65013286359985,98,7.018564871564485,0,0,0,0,0,1,0
1162,77.24132650472173,64,19.757613800274434,0,0,0,1,0,0,0
2176,73.52448689619959,2,5.585210261912067,0,0,1,0,0,0,0
3113,79.71051900987901,2,3.2430430075489336,0,0,1,0,0,0,0
2832,89.2483632093786,6,3.966516811099224,0,0,1,0,0,0,0
6015,76.08929431801728,63,3.2366952984620414,1,0,0,0,0,0,0
1040,83.54235460956971,6,3.0943077654944826,0,0,1,0,0,0,0
2738,85.46817208965612,103,1.256782178950739,0,0,0,0,1,0,0
2919,74.62440081315756,3,7.845862816694754,0,0,1,0,0,0,0
1960,62.440932276995866,37,5.115999917915939,0,0,0,0,0,1,0
4118,77.94625642464574,80,4.357569533783674,1,0,0,0,0,0,0
2150,86.33832817915416,7,7.400745823018092,0,0,1,0,0,0,0
5322,85.02274102756081,39,5.965253622263827,1,0,0,0,0,0,0
3320,102.29087152774754,71,7.500341249938077,0,1,0,0,0,0,0
2176,83.43880263828467,46,1.3279975386342484,0,0,0,0,1,0,0
1964,73.874001110676,58,11.390777728679502,0,0,0,1,0,0,0
2234,106.6566406534208,101,6.313920448917013,0,1,0,0,0,0,0
2892,67.69252683089782,94,4.44185439953409,0,0,0,0,0,1,0
1032,89.03271279365602,1,5.0754562944324455,0,0,1,0,0,0,0
817,82.46485190867251,52,1.152030559489663,0,0,0,0,0,0,1
3034,88.72530522661573,60,0.8405585100269638,0,0,0,0,1,0,0
2855,79.44355423465228,21,1.5980733021073552,0,0,0,0,1,0,0
2419,88.8923316462735,41,15.065868494554977,0,0,0,1,0,0,0
1058,89.38715575938673,51,1.3083080434269565,0,0,0,0,0,0,1
1695,80.74030378570193,32,17.574469328040568,0,0,0,1,0,0,0
3392,114.67638756309556,75,6.0489680398521415,0,1,0,0,0,0,0
3297,87.55010949071297,116,1.903386908303417,0,0,0,0,0,0,1
2348,71.12168775374734,22,1.315783360283069,0,0,0,0,0,0,1
1389,112.82589148742323,86,2.789014242141504,0,1,0,0,0,0,0
1288,80.69234554667091,95,0.5511782793843802,0,0,0,0,1,0,0
2209,115.95877864709882,30,5.331233453624929,0,1,0,0,0,0,0
6048,89.6513592059998,43,5.581941037736676,1,0,0,0,0,0,0
6568,84.8784878990146,23,4.407989638450926,1,0,0,0,0,0,0
3029,89.4750112513889,101,1.8916505557785064,0,0,0,0,0,0,1
1797,65.28563685086097,73,7.102982046557084,0,0,0,0,0,1,0
2166,76.9515524484255,109,1.0192805196118284,0,0,0,0,1,0,0
4745,78.44451580970316,71,4.150717780200543,1,0,0,0,0,0,0
2621,107.6202953915192,112,3.9901214778477367,0,1,0,0,0,0,0
2043,99.28682747446094,21,8.181936590975397,0,1,0,0,0,0,0
2191,75.11944689484521,101,1.5865943724971554,0,0,0,0,1,0,0
1141,88.53759938571343,46,1.3248777679676662,0,0,0,0,0,0,1
4460,83.73242160077913,31,4.587891282948177,1,0,0,0,0,0,0
4595,89.24138983094849,61,3.7561615939361968,1,0,0,0,0,0,0
6371,75.88001421326143,23,5.235253173756561,1,0,0,0,0,0,0
872,69.7768171139024,43,3.8745073759128816,0,0,0,0,0,1,0
4011,87.87299967318856,40,3.663689637062121,1,0,0,0,0,0,0
1951,71.43298405632558,79,10.632278058088044,0,0,0,1,0,0,0
4326,88.03387838623006,72,7.077882323974414,1,0,0,0,0,0,0
2960,67.11939203323931,55,7.391872390244599,0,0,0,0,0,1,0
3374,84.53271701395559,24,1.3539783870813678,0,0,0,0,0,0,1
3079,78.87217048029073,82,1.7864297213132776,0,0,0,0,0,0,1
1619,82.32215292470639,37,0.6785761420208754,0,0,0,0,1,0,0
1939,84.63071375685523,88,1.7771133113371842,0,0,0,0,1,0,0
3377,79.18370149443722,8,2.892377710644568,0,0,1,0,0,0,0
2729,100.56412824683515,96,3.287373084539401,0,1,0,0,0,0,0
5057,70.10599580926363,62,5.025677748258685,1,0,0,0,0,0,0
2887,118.84700624650628,76,3.755864196512576,0,1,0,0,0,0,0
2899,67.94836892204954,31,6.78928526670544,0,0,0,0,0,1,0
5320,74.50001852109872,116,3.3738011563434105,1,0,0,0,0,0,0
2563,76.75845295416244,6,8.84406701912152,0,0,1,0,0,0,0
5177,79.51186756479531,95,2.5879673672819483,1,0,0,0,0,0,0
1414,78.50997636397821,91,11.609664617560382,0,0,0,1,0,0,0
1332,86.81707370872509,102,1.942323414916877,0,0,0,0,0,0,1
5518,77.84848907681477,103,2.618692991400486,1,0,0,0,0,0,0
2182,86.90731759274453,2,7.621473678091514,0,0,1,0,0,0,0
2548,63.91662593772056,86,8.194775513378506,0,0,0,0,0,1,0
1369,80.17523590315396,9,4.188990718258882,0,0,1,0,0,0,0
2290,88.33506986466143,9,4.1764357542679225,0,0,1,0,0,0,0
2994,89.35619134216037,94,1.8847423502277545,0,0,0,0,0,0,1
1519,64.16035686443324,113,5.329380771757791,0,0,0,0,0,1,0
2835,80.74300214356032,4,8.262120119041839,0,0,1,0,0,0,0
1209,99.72957377692282,87,2.7709118521401974,0,1,0,0,0,0,0
3211,117.07630765654788,45,4.948008716996547,0,1,0,0,0,0,0
1457,77.37671728407794,113,1.846215452394809,0,0,0,0,0,0,1
1019,66.86606356627136,21,7.904602928893069,0,0,0,0,0,1,0
4006,81.26783348323553,45,8.088855103170843,1,0,0,0,0,0,0
5475,80.3553052794949,52,4.896434321862117,1,0,0,0,0,0,0
2144,87.53494027387207,48,1.2660688363922123,0,0,0,0,0,0,1
1027,71.79228950516794,6,8.3496690623024,0,0,1,0,0,0,0
4779,82.88613841386206,90,7.2895394523839645,1,0,0,0,0,0,0
4512,73.20208368074579,106,7.872821069948141,1,0,0,0,0,0,0
2852,79.4456134595394,47,16.374120439777016,0,0,0,1,0,0,0
2940,100.62011008666131,26,7.84645338925511,0,1,0,0,0,0,0
1161,67.26071259789092,27,6.746959037324396,0,0,0,0,0,1,0
4633,81.03109892561154,96,7.775044675177366,1,0,0,0,0,0,0
1577,83.73438458662254,2,5.398923595711773,0,0,1,0,0,0,0
1340,71.02368043241486,4,7.666383335045011,0,0,1,0,0,0,0
1667,64.97327489921224,73,4.272338922177347,0,0,0,0,0,1,0
2046,115.21628901233372,79,2.9907133703494084,0,1,0,0,0,0,0
6336,71.91507155352654,82,7.899580527595861,1,0,0,0,0,0,0
2199,74.73224802168437,36,1.4471838977597942,0,0,0,0,0,0,1
4171,79.73743748395832,36,2.565083451653213,1,0,0,0,0,0,0
1119,89.87085464274882,47,0.9112574033561144,0,0,0,0,1,0,0
1792,75.54540746720798,7,7.234279053445672,0,0,1,0,0,0,0
4765,89.4207565558426,37,3.05186468034597,1,0,0,0,0,0,0
6614,88.46955569635124,101,3.999059538050324,1,0,0,0,0,0,0
4131,83.20382287795705,51,5.185995715605436,1,0,0,0,0,0,0
3347,100.52346332463102,42,5.736897869366128,0,1,0,0,0,0,0
1087,78.08348219718756,116,0.8994353944732325,0,0,0,0,1,0,0
1864,72.44925016164083,61,1.287953480378176,0,0,0,0,0,0,1
2928,83.05697269075955,94,1.2749118962751522,0,0,0,0,1,0,0
955,86.06367982876851,0,7.02164691480189,0,0,1,0,0,0,0
1269,106.97997382244252,38,5.063255041907729,0,1,0,0,0,0,0
2084,103.86612798660042,97,4.98436927548334,0,1,0,0,0,0,0
2723,83.77738861804163,101,1.5484490489380274,0,0,0,0,1,0,0
2037,82.27536999990711,67,19.30526037262192,0,0,0,1,0,0,0
2828,61.90070884886174,29,4.144683112889736,0,0,0,0,0,1,0
2707,67.60969755176117,73,6.783688873517844,0,0,0,0,0,1,0
1814,101.00655527343932,98,4.80854623813095,0,1,0,0,0,0,0
2821,75.231537867008,7,4.84448718833589,0,0,1,0,0,0,0
1297,76.10595789564297,68,1.727583601967456,0,0,0,0,0,0,1
2392,102.60508569636636,34,4.075604107993799,0,1,0,0,0,0,0
2675,99.58111895025968,84,3.952745298815229,0,1,0,0,0,0,0
1695,70.37100197270536,6,8.712139111736583,0,0,1,0,0,0,0
1698,103.1361767361475,49,4.463414602333928,0,1,0,0,0,0,0
5718,86.9362732463226,90,6.609682065760047,1,0,0,0,0,0,0
2019,68.46272209467362,26,5.7729150040164265,0,0,0,0,0,1,0
1582,79.56976351426626,115,16.29969123421213,0,0,0,1,0,0,0
1814,74.54289335197096,48,14.44340035329743,0,0,0,1,0,0,0
1879,85.36746972964453,86,17.71258061595831,0,0,0,1,0,0,0
1616,107.20726003744215,35,6.4685456762317095,0,1,0,0,0,0,0
4110,78.73037070513234,79,8.902977697324193,1,0,0,0,0,0,0
1271,67.65878574260672,62,4.163582569653828,0,0,0,0,0,1,0
2239,101.67931974622464,95,4.398763144536899,0,1,0,0,0,0,0
1270,88.33422982509767,27,10.136060100961592,0,0,0,1,0,0,0
3290,84.62504954977226,51,12.688094110570196,0,0,0,1,0,0,0
6743,89.92357488056487,102,6.780136068591867,1,0,0,0,0,0,0
1590,61.4123597542569,98,3.918758489942639,0,0,0,0,0,1,0
2274,64.23915740181586,111,6.386504791709212,0,0,0,0,0,1,0
5573,71.49584862891001,62,6.561134560357633,1,0,0,0,0,0,0
2021,109.82356066579692,37,3.329726467699317,0,1,0,0,0,0,0
5121,75.66941737865507,66,6.688526153417742,1,0,0,0,0,0,0
2865,86.42324421914938,119,0.946335718734084,0,0,0,0,1,0,0
1297,78.11142032291892,35,14.510678999898367,0,0,0,1,0,0,0
6065,81.91667069067937,110,4.9663409019828135,1,0,0,0,0,0,0
1516,81.78396918321498,3,3.688068164918403,0,0,1,0,0,0,0
1994,76.12701661610932,112,1.143388517478726,0,0,0,0,0,0,1
6503,73.34224173443715,33,5.70199239749522,1,0,0,0,0,0,0
2954,71.40729500222858,8,6.611328049155141,0,0,1,0,0,0,0
1047,82.33388605758766,81,10.082216857904935,0,0,0,1,0,0,0
2229,88.44366452686302,79,1.335426334731122,0,0,0,0,1,0,0
6917,70.88388406906587,102,8.13562249685284,1,0,0,0,0,0,0
6213,89.39157082354522,93,7.637893949717539,1,0,0,0,0,0,0
2247,67.87512466482805,100,7.065044408100136,0,0,0,0,0,1,0
3417,75.01872966297812,9,8.25197754264522,0,0,1,0,0,0,0
2362,81.52594560755934,78,1.463220477597412,0,0,0,0,1,0,0
3263,77.89833628106972,2,3.9954361500104056,0,0,1,0,0,0,0
1077,78.93212001101297,85,1.9931870153796023,0,0,0,0,0,0,1
4695,87.86822430967213,65,8.412688344904549,1,0,0,0,0,0,0
2998,79.30724279551733,7,6.899517038191262,0,0,1,0,0,0,0
2144,79.65062644161895,46,1.9410743289395265,0,0,0,0,0,0,1
2912,95.97807665591492,111,8.402931296607175,0,1,0,0,0,0,0
1050,85.44894161197313,6,5.841155433307627,0,0,1,0,0,0,0
2376,110.46016305413896,99,7.542440653074954,0,1,0,0,0,0,0
1348,82.7028354202571,112,0.8377170150391284,0,0,0,0,1,0,0
1915,71.42467841763165,102,16.97444066926709,0,0,0,1,0,0,0
3233,110.75025839201513,30,3.4426780100230925,0,1,0,0,0,0,0
2925,62.836073635404766,53,7.412414235356159,0,0,0,0,0,1,0
1559,104.5441779976194,55,6.16734878095065,0,1,0,0,0,0,0
1518,62.73603840899392,75,6.11008654949933,0,0,0,0,0,1,0
6048,79.1319452323353,101,6.735748421050929,1,0,0,0,0,0,0
3466,85.45537941561288,3,5.897580631559142,0,0,1,0,0,0,0
988,75.59101341022725,96,1.446003310392744,0,0,0,0,0,0,1
5915,88.52580284286529,105,2.8908249213301493,1,0,0,0,0,0,0
1965,74.91205570581505,49,10.904325830025408,0,0,0,1,0,0,0
1307,88.88741431557857,55,19.972003062305724,0,0,0,1,0,0,0
1268,65.9225600215146,31,4.118943776469663,0,0,0,0,0,1,0
1601,73.05219286298534,38,1.6807342498952107,0,0,0,0,0,0,1
2170,89.44299669138482,85,19.31545460476412,0,0,0,1,0,0,0
1246,82.42831166452788,90,1.1746847467787471,0,0,0,0,0,0,1
1077,115.18943116174955,34,5.309907333393209,0,1,0,0,0,0,0
1640,83.79683257574695,117,13.11377268764114,0,0,0,1,0,0,0
2164,79.22639738381945,4,6.3847802754523615,0,0,1,0,0,0,0
2078,79.42503655608752,7,6.258332599938569,0,0,1,0,0,0,0
936,78.43541820705141,67,1.467176839894783,0,0,0,0,1,0,0
1757,64.70018706840244,106,5.49313735729719,0,0,0,0,0,1,0
1220,68.6194296044783,46,4.636530133552929,0,0,0,0,0,1,0
2357,77.7278435451814,24,1.8928933125708445,0,0,0,0,0,0,1
3157,110.32426744839236,90,6.853109265017261,0,1,0,0,0,0,0
1278,62.52051838011363,34,3.8770294996362553,0,0,0,0,0,1,0
1696,65.23510585773768,30,3.896283248006692,0,0,0,0,0,1,0
3219,80.74966456779707,98,19.635756417830898,0,0,0,1,0,0,0
1335,79.52670153022078,84,15.300421107268008,0,0,0,1,0,0,0
1754,77.57785216216936,4,4.253849716718786,0,0,1,0,0,0,0
3420,70.96160023287854,73,1.3784744473643609,0,0,0,0,1,0,0
1715,74.50801419308239,29,1.287935295795367,0,0,0,0,1,0,0
2407,88.81094219046528,95,16.868819192553882,0,0,0,1,0,0,0
1196,95.67053333778368,99,5.087829060073873,0,1,0,0,0,0,0
2379,109.40285138329304,88,5.090281938571078,0,1,0,0,0,0,0
1664,62.28999073487809,64,4.564753914289913,0,0,0,0,0,1,0
4078,82.03600915090074,86,5.981610825620454,1,0,0,0,0,0,0
852,78.70655470447002,60,15.995754926407184,0,0,0,1,0,0,0
6934,80.13890750344814,45,8.147789390193509,1,0,0,0,0,0,0
1399,119.0372159701506,74,7.06693537679526,0,1,0,0,0,0,0
2508,86.63526916673479,26,16.321840498451213,0,0,0,1,0,0,0
1545,80.47630163785878,74,1.942443607015924,0,0,0,0,0,0,1
1447,118.59437696257632,32,3.636667915375519,0,1,0,0,0,0,0
828,98.46992568231636,107,3.597592741309517,0,1,0,0,0,0,0
3143,72.56905101651515,35,1.7290389229342429,0,0,0,0,1,0,0
1330,65.02848651647847,37,4.925113067625915,0,0,0,0,0,1,0
1875,99.11277501280291,45,2.6481705633170782,0,1,0,0,0,0,0
3153,68.28673316757627,22,2.787247393715106,0,0,0,0,0,1,0
4768,85.52176682094775,102,3.792399894598339,1,0,0,0,0,0,0
3478,118.14833171920176,89,4.7558937113134965,0,1,0,0,0,0,0
2068,71.40906857905162,74,15.215395441600634,0,0,0,1,0,0,0
2088,89.72482780601425,38,11.226451613111749,0,0,0,1,0,0,0
2746,79.23067665877014,78,1.4644506624593268,0,0,0,0,0,0,1
1222,67.50679165439583,95,3.363032654134921,0,0,0,0,0,1,0
1625,86.23747899647489,109,1.5492398478139058,0,0,0,0,0,0,1
3206,87.51147428567606,2,3.94923759590524,0,0,1,0,0,0,0
1203,77.28408558083301,57,14.9810078025915,0,0,0,1,0,0,0
2962,78.01027329655795,30,10.413035311344782,0,0,0,1,0,0,0
1490,111.16723925361302,73,8.287768193027013,0,1,0,0,0,0,0
3117,62.07755375595793,59,2.6258211082722065,0,0,0,0,0,1,0
2070,115.63432782684184,98,5.392312101222794,0,1,0,0,0,0,0
2487,86.09454204464862,4,4.1793072113386,0,0,1,0,0,0,0
1691,62.613441486576185,103,6.935450648846467,0,0,0,0,0,1,0
1219,83.77524397432443,27,1.861196229676103,0,0,0,0,0,0,1
1467,71.38737035830201,22,0.7388867089126535,0,0,0,0,1,0,0
2649,87.05121794966783,2,7.070294600964569,0,0,1,0,0,0,0
1613,80.79975603535823,40,1.2433911719783004,0,0,0,0,0,0,1
2481,82.36243098063541,59,13.17812452963072,0,0,0,1,0,0,0
1257,67.39744679528901,71,6.323414383867122,0,0,0,0,0,1,0
1084,72.4290425654738,27,1.6743337978745694,0,0,0,0,1,0,0
2972,77.79195482746124,45,1.2978355310081309,0,0,0,0,1,0,0
2297,62.51259678964432,63,5.232596107348435,0,0,0,0,0,1,0
2737,77.29683371665024,35,14.45324210229722,0,0,0,1,0,0,0
2728,80.70138835742323,62,1.9033374963781815,0,0,0,0,0,0,1
1789,73.78677252944641,98,0.8776262743366203,0,0,0,0,1,0,0
2565,64.6848071737733,79,6.27196701004754,0,0,0,0,0,1,0
2370,70.27812945864784,29,1.802437919673864,0,0,0,0,0,0,1
1862,107.62216354574656,50,8.295958084974291,0,1,0,0,0,0,0
2462,73.25121977082318,63,1.810696115067126,0,0,0,0,0,0,1
2013,110.84310299297243,81,6.192681368948888,0,1,0,0,0,0,0
1560,87.91864710411927,118,1.1407965104271711,0,0,0,0,0,0,1
2373,95.4138791986097,94,4.471846114696144,0,1,0,0,0,0,0
2797,83.72470914729196,87,1.072052655758613,0,0,0,0,1,0,0
2545,77.81379643697876,2,8.590723929401863,0,0,1,0,0,0,0
1708,61.57061521787314,59,4.540194705228416,0,0,0,0,0,1,0
1080,89.65965996482709,2,4.476684927763339,0,0,1,0,0,0,0
4724,71.09274194248671,39,7.162685130031076,1,0,0,0,0,0,0
1349,83.2489121087846,22,1.0810888289419376,0,0,0,0,1,0,0
2010,76.68759184175568,27,1.101929081337462,0,0,0,0,1,0,0
3492,85.37927050810818,53,1.2819634806719864,0,0,0,0,1,0,0
1126,87.03600884050718,83,17.42795930149662,0,0,0,1,0,0,0
3403,76.1802361087921,59,1.8550463185577328,0,0,0,0,0,0,1
2080,70.77393133657789,21,0.7883786016302547,0,0,0,0,1,0,0
4601,74.46859422787848,91,8.28977001727581,1,0,0,0,0,0,0
1511,71.5971636176883,44,1.3392149541645415,0,0,0,0,0,0,1
3050,114.4659054699746,39,3.0588319818039063,0,1,0,0,0,0,0
3065,86.49665451569248,43,1.2578821671210816,0,0,0,0,1,0,0
1832,115.13305237398993,49,2.564387028761683,0,1,0,0,0,0,0
3439,77.56179014743223,107,12.933260684968712,0,0,0,1,0,0,0
3341,88.24410144198838,0,6.923132900993069,0,0,1,0,0,0,0
1595,75.9946020246778,1,3.562046082338246,0,0,1,0,0,0,0
1273,72.15169713534597,63,1.7891509023890155,0,0,0,0,1,0,0
2220,63.83659240435514,31,3.415968895420023,0,0,0,0,0,1,0
4682,81.21647789196878,117,3.730130735812293,1,0,0,0,0,0,0
2441,88.95246566881967,72,1.0350028478544573,0,0,0,0,0,0,1
1002,102.00605450652913,114,4.421538412782761,0,1,0,0,0,0,0
3007,78.04594385475022,81,1.98845037113421,0,0,0,0,0,0,1
1979,75.16576347474341,52,1.1778937328726722,0,0,0,0,0,0,1
2635,87.63024068467251,105,0.6752296910886426,0,0,0,0,1,0,0
2011,106.51129834877624,35,4.900330137893138,0,1,0,0,0,0,0
2946,74.99482787422824,56,1.6258379698736185,0,0,0,0,0,0,1
6852,75.54847137832427,29,8.16723417423588,1,0,0,0,0,0,0
2068,69.68875260720584,93,3.3845930912238096,0,0,0,0,0,1,0
1638,65.69194962372468,70,3.902972364941445,0,0,0,0,0,1,0
3154,83.75319735748715,85,1.3565433451778304,0,0,0,0,1,0,0
1866,88.27087733763486,77,0.7988630966115837,0,0,0,0,1,0,0
2925,61.21467533435947,66,3.443428451726199,0,0,0,0,0,1,0
2342,97.13641204999348,58,4.609064056914871,0,1,0,0,0,0,0
1608,60.79650276607533,76,4.933627170563584,0,0,0,0,0,1,0
2922,78.00870169441093,110,16.395247478517344,0,0,0,1,0,0,0
2126,72.89384317925868,70,0.8790946913239923,0,0,0,0,1,0,0
1291,71.80889282573247,78,1.5213259690522625,0,0,0,0,1,0,0
2698,75.09144164655221,65,1.713316880362021,0,0,0,0,0,0,1
2939,95.42597440619046,68,7.455536023592526,0,1,0,0,0,0,0
2430,68.56162338985934,34,8.371765013823836,0,0,0,0,0,1,0
1159,77.92741172591649,73,15.260112825432,0,0,0,1,0,0,0
1844,88.36447980242548,2,6.039425348491058,0,0,1,0,0,0,0
1012,98.39219987309458,52,4.6965230987547,0,1,0,0,0,0,0
1164,83.56723475843567,0,2.6827456468595736,0,0,1,0,0,0,0
2347,63.36750699898474,98,2.7395725613787403,0,0,0,0,0,1,0
3396,70.3173170261136,57,1.257990193849812,0,0,0,0,0,0,1
2820,69.82393416308194,44,3.77470071694587,0,0,0,0,0,1,0
2267,84.9946926116416,37,1.3871197855592785,0,0,0,0,0,0,1
2130,79.54932399426794,23,14.043129423247027,0,0,0,1,0,0,0
